"ID","Description","GeneRatio","BgRatio","RichFactor","FoldEnrichment","zScore","pvalue","p.adjust","qvalue","geneID","Count"
"GO:1901605","alpha-amino acid metabolic process","64/594","165/6447",0.387878787878788,4.20985613712886,13.3053923401459,1.6588535706255e-25,1.43604723811082e-22,1.22068217799884e-22,"YAL062W/YAL044C/YAL012W/YBR248C/YCL030C/YDL182W/YDL066W/YDR019C/YDR148C/YDR158W/YDR354W/YDR502C/YER052C/YER055C/YER069W/YER091C/YFR025C/YGL202W/YGL184C/YGL125W/YGL026C/YGL009C/YGR087C/YGR155W/YGR204W/YHR018C/YHR033W/YHR112C/YHR208W/YIL116W/YIL074C/YIL046W/YIR017C/YIR034C/YJL088W/YJL071W/YJL060W/YJR109C/YJR130C/YJR139C/YKL211C/YKL001C/YKR069W/YLL062C/YLR058C/YLR134W/YLR180W/YLR303W/YMR062C/YMR110C/YMR189W/YNL277W/YNL135C/YNL104C/YNL097C-B/YOL140W/YOL064C/YOL058W/YOR130C/YOR184W/YOR202W/YOR303W/YPR145W/YPR167C",64
"GO:1901607","alpha-amino acid biosynthetic process","53/594","116/6447",0.456896551724138,4.95894287704632,13.7063300133252,2.45688150232818e-25,1.43604723811082e-22,1.22068217799884e-22,"YAL062W/YAL012W/YBR248C/YCL030C/YDL182W/YDL066W/YDR158W/YDR354W/YER052C/YER055C/YER069W/YER091C/YFR025C/YGL202W/YGL184C/YGL125W/YGL026C/YGL009C/YGR155W/YGR204W/YHR018C/YHR033W/YHR208W/YIL116W/YIL074C/YIL046W/YIR017C/YIR034C/YJL088W/YJL071W/YJR109C/YJR130C/YJR139C/YKL211C/YKL001C/YKR069W/YLL062C/YLR058C/YLR303W/YMR062C/YNL277W/YNL135C/YNL104C/YNL097C-B/YOL140W/YOL064C/YOL058W/YOR130C/YOR184W/YOR202W/YOR303W/YPR145W/YPR167C",53
"GO:0170039","proteinogenic amino acid metabolic process","60/594","150/6447",0.4,4.34141414141414,13.1904071197598,8.63501872189566e-25,3.36477896196534e-22,2.86016058718228e-22,"YAL062W/YAL044C/YBR248C/YCL030C/YDL182W/YDL066W/YDR019C/YDR148C/YDR158W/YDR354W/YDR502C/YER052C/YER055C/YER069W/YER091C/YFR025C/YGL202W/YGL184C/YGL125W/YGL026C/YGL009C/YGR087C/YGR155W/YGR204W/YHR018C/YHR033W/YHR208W/YIL116W/YIL074C/YIL046W/YIR017C/YIR034C/YJL088W/YJL071W/YJR109C/YJR130C/YJR139C/YKL211C/YKL001C/YKR069W/YLL062C/YLR058C/YLR134W/YLR180W/YLR303W/YMR062C/YMR110C/YMR189W/YNL277W/YNL104C/YNL097C-B/YOL140W/YOL064C/YOL058W/YOR130C/YOR184W/YOR202W/YOR303W/YPR145W/YPR167C",60
"GO:0170038","proteinogenic amino acid biosynthetic process","50/594","109/6447",0.458715596330275,4.97868594198869,13.3452250493934,4.77019518624328e-24,1.23615046002207e-21,1.05076406668843e-21,"YAL062W/YBR248C/YCL030C/YDL182W/YDL066W/YDR158W/YDR354W/YER052C/YER055C/YER069W/YER091C/YFR025C/YGL202W/YGL184C/YGL125W/YGL026C/YGL009C/YGR204W/YHR018C/YHR033W/YHR208W/YIL116W/YIL074C/YIL046W/YIR017C/YIR034C/YJL088W/YJL071W/YJR109C/YJR130C/YJR139C/YKL211C/YKL001C/YKR069W/YLL062C/YLR058C/YLR303W/YMR062C/YNL277W/YNL104C/YNL097C-B/YOL140W/YOL064C/YOL058W/YOR130C/YOR184W/YOR202W/YOR303W/YPR145W/YPR167C",50
"GO:0170034","L-amino acid biosynthetic process","49/594","105/6447",0.466666666666667,5.06498316498316,13.3779445963645,5.28721325929028e-24,1.23615046002207e-21,1.05076406668843e-21,"YAL062W/YBR248C/YCL030C/YDL182W/YDL066W/YDR158W/YDR354W/YER052C/YER055C/YER069W/YER091C/YFR025C/YGL202W/YGL184C/YGL125W/YGL026C/YGL009C/YGR204W/YHR018C/YHR033W/YHR208W/YIL116W/YIL074C/YIL046W/YIR017C/YIR034C/YJL088W/YJL071W/YJR109C/YJR130C/YJR139C/YKL211C/YKL001C/YKR069W/YLL062C/YLR303W/YMR062C/YNL277W/YNL104C/YNL097C-B/YOL140W/YOL064C/YOL058W/YOR130C/YOR184W/YOR202W/YOR303W/YPR145W/YPR167C",49
"GO:0008652","amino acid biosynthetic process","53/594","124/6447",0.42741935483871,4.63901107852721,13.0341207618678,1.26334645805688e-23,2.46142001578082e-21,2.09227904632578e-21,"YAL062W/YAL012W/YBR248C/YCL030C/YDL182W/YDL066W/YDR158W/YDR354W/YER052C/YER055C/YER069W/YER091C/YFR025C/YGL202W/YGL184C/YGL125W/YGL026C/YGL009C/YGR155W/YGR204W/YHR018C/YHR033W/YHR208W/YIL116W/YIL074C/YIL046W/YIR017C/YIR034C/YJL088W/YJL071W/YJR109C/YJR130C/YJR139C/YKL211C/YKL001C/YKR069W/YLL062C/YLR058C/YLR303W/YMR062C/YNL277W/YNL135C/YNL104C/YNL097C-B/YOL140W/YOL064C/YOL058W/YOR130C/YOR184W/YOR202W/YOR303W/YPR145W/YPR167C",53
"GO:0170033","L-amino acid metabolic process","58/594","148/6447",0.391891891891892,4.2534125034125,12.7550832040297,1.90333807127619e-23,3.17857457903124e-21,2.70188141245823e-21,"YAL062W/YBR248C/YCL030C/YDL182W/YDL066W/YDR148C/YDR158W/YDR354W/YDR502C/YER052C/YER055C/YER069W/YER091C/YFR025C/YGL202W/YGL184C/YGL125W/YGL026C/YGL009C/YGR087C/YGR155W/YGR204W/YHR018C/YHR033W/YHR208W/YIL116W/YIL074C/YIL046W/YIR017C/YIR034C/YJL088W/YJL071W/YJL060W/YJR109C/YJR130C/YJR139C/YKL211C/YKL001C/YKR069W/YLL062C/YLR058C/YLR134W/YLR180W/YLR303W/YMR062C/YMR110C/YNL277W/YNL104C/YNL097C-B/YOL140W/YOL064C/YOL058W/YOR130C/YOR184W/YOR202W/YOR303W/YPR145W/YPR167C",58
"GO:1902600","proton transmembrane transport","49/594","108/6447",0.453703703703704,4.92428918817808,13.1012162960542,2.55181158872917e-23,3.7288346840305e-21,3.16961860494781e-21,"YBL099W/YBL045C/YBR039W/YBR298C/YDL004W/YDR298C/YDR322C-A/YDR342C/YDR343C/YDR345C/YDR377W/YDR529C/YDR536W/YEL069C/YEL024W/YFL011W/YFR033C/YGL191W/YGL187C/YGR183C/YHR001W-A/YHR051W/YHR092C/YHR094C/YHR096C/YJL166W/YJR121W/YKL217W/YKL016C/YLR038C/YLR136C/YLR295C/YLR395C/YML120C/YML081C-A/YMR256C/YNL318C/YNL052W/YNR072W/YOL077W-A/YOR065W/YPL271W/YPL078C/YPL036W/YPR020W/YPR191W/Q0055/Q0105/Q0120",49
"GO:0015980","energy derivation by oxidation of organic compounds","62/594","170/6447",0.364705882352941,3.95834818775995,12.4522202891076,4.87804117165018e-23,6.33603347739896e-21,5.38581387840675e-21,"YAL054C/YBL045C/YBL030C/YBR085W/YBR145W/YDL085W/YDL066W/YDR148C/YDR178W/YDR298C/YDR529C/YEL039C/YEL024W/YEL011W/YER054C/YER067W/YFR017C/YFR033C/YFR049W/YGL256W/YGL191W/YGL187C/YGR183C/YGR244C/YHR001W-A/YHR051W/YIL125W/YIL057C/YIL045W/YIL024C/YJL166W/YJL116C/YJR048W/YJR120W/YJR121W/YKL148C/YKL141W/YKL127W/YKL109W/YKL093W/YKL085W/YLL041C/YLR038C/YLR134W/YLR395C/YML120C/YMR081C/YMR105C/YMR118C/YMR145C/YMR256C/YNL117W/YNL052W/YOR065W/YOR178C/YOR356W/YPL271W/YPR184W/YPR191W/Q0055/Q0105/Q0120",62
"GO:0098662","inorganic cation transmembrane transport","62/594","175/6447",0.354285714285714,3.84525252525252,12.1558666716287,2.90693601331061e-22,3.3982081995601e-20,2.88857641743706e-20,"YBL099W/YBL045C/YBR039W/YBR296C/YBR298C/YDL004W/YDR298C/YDR322C-A/YDR342C/YDR343C/YDR345C/YDR377W/YDR529C/YDR536W/YEL069C/YEL065W/YEL024W/YER145C/YFL011W/YFR033C/YGL191W/YGL187C/YGR183C/YHL047C/YHL040C/YHR001W-A/YHR051W/YHR092C/YHR094C/YHR096C/YIL121W/YJL166W/YJR121W/YKL217W/YKL175W/YKL016C/YLR034C/YLR038C/YLR130C/YLR136C/YLR295C/YLR395C/YML120C/YML081C-A/YMR058W/YMR256C/YMR301C/YNL318C/YNL052W/YNR002C/YNR072W/YOL158C/YOL077W-A/YOR065W/YPL271W/YPL078C/YPL036W/YPR020W/YPR191W/Q0055/Q0105/Q0120",62
"GO:0098660","inorganic ion transmembrane transport","66/594","198/6447",0.333333333333333,3.61784511784512,11.9184668316255,5.78050706165055e-22,6.14310250460863e-20,5.22181690545275e-20,"YBL099W/YBL045C/YBR039W/YBR294W/YBR296C/YBR298C/YDL004W/YDR298C/YDR322C-A/YDR342C/YDR343C/YDR345C/YDR377W/YDR529C/YDR536W/YEL069C/YEL065W/YEL024W/YER145C/YFL011W/YFR033C/YGL191W/YGL187C/YGR183C/YHL047C/YHL040C/YHR001W-A/YHR051W/YHR092C/YHR094C/YHR096C/YIL121W/YJL166W/YJR077C/YJR121W/YKL217W/YKL175W/YKL120W/YKL016C/YLR034C/YLR038C/YLR092W/YLR130C/YLR136C/YLR295C/YLR395C/YML120C/YML081C-A/YMR058W/YMR256C/YMR301C/YNL318C/YNL052W/YNR002C/YNR072W/YOL158C/YOL077W-A/YOR065W/YPL271W/YPL078C/YPL036W/YPR020W/YPR191W/Q0055/Q0105/Q0120",66
"GO:0006091","generation of precursor metabolites and energy","69/594","218/6447",0.31651376146789,3.4352932999722,11.6525095170773,1.76876215076161e-21,1.7230691285336e-19,1.46465918449032e-19,"YAL054C/YBL045C/YBL030C/YBR085W/YBR117C/YBR145W/YCL040W/YDL085W/YDL066W/YDR148C/YDR178W/YDR298C/YDR516C/YDR529C/YEL039C/YEL024W/YEL011W/YER054C/YER067W/YFR017C/YFR033C/YFR049W/YFR053C/YGL256W/YGL191W/YGL187C/YGR043C/YGR183C/YGR244C/YGR256W/YHR001W-A/YHR051W/YIL125W/YIL057C/YIL045W/YIL024C/YJL166W/YJL116C/YJR048W/YJR120W/YJR121W/YKL148C/YKL141W/YKL127W/YKL109W/YKL093W/YKL085W/YLL041C/YLR038C/YLR134W/YLR395C/YML120C/YMR081C/YMR105C/YMR118C/YMR145C/YMR256C/YNL117W/YNL052W/YOR065W/YOR178C/YOR356W/YPL271W/YPL061W/YPR184W/YPR191W/Q0055/Q0105/Q0120",69
"GO:0034220","monoatomic ion transmembrane transport","63/594","188/6447",0.335106382978723,3.63708897485493,11.689618636717,3.91094144870571e-21,3.51683888733614e-19,2.98941597374752e-19,"YBL099W/YBL045C/YBR039W/YBR294W/YBR296C/YBR298C/YDL004W/YDR298C/YDR322C-A/YDR342C/YDR343C/YDR345C/YDR377W/YDR529C/YDR536W/YEL069C/YEL065W/YEL024W/YER145C/YFL011W/YFR033C/YGL191W/YGL187C/YGR183C/YHL047C/YHL040C/YHR001W-A/YHR051W/YHR092C/YHR094C/YHR096C/YIL121W/YJL166W/YJR121W/YKL217W/YKL175W/YKL016C/YLR034C/YLR038C/YLR092W/YLR130C/YLR136C/YLR295C/YLR395C/YML120C/YML081C-A/YMR058W/YMR256C/YMR301C/YNL318C/YNL052W/YNR072W/YOL158C/YOL077W-A/YOR065W/YPL271W/YPL078C/YPL036W/YPR020W/YPR191W/Q0055/Q0105/Q0120",63
"GO:0098655","monoatomic cation transmembrane transport","61/594","178/6447",0.342696629213483,3.71946998070594,11.7204489182248,4.68440390332573e-21,3.91147725927699e-19,3.32487013890187e-19,"YBL099W/YBL045C/YBR039W/YBR296C/YBR298C/YDL004W/YDR298C/YDR322C-A/YDR342C/YDR343C/YDR345C/YDR377W/YDR529C/YDR536W/YEL069C/YEL065W/YEL024W/YER145C/YFL011W/YFR033C/YGL191W/YGL187C/YGR183C/YHL047C/YHL040C/YHR001W-A/YHR051W/YHR092C/YHR094C/YHR096C/YIL121W/YJL166W/YJR121W/YKL217W/YKL175W/YKL016C/YLR034C/YLR038C/YLR130C/YLR136C/YLR295C/YLR395C/YML120C/YML081C-A/YMR058W/YMR256C/YMR301C/YNL318C/YNL052W/YNR072W/YOL158C/YOL077W-A/YOR065W/YPL271W/YPL078C/YPL036W/YPR020W/YPR191W/Q0055/Q0105/Q0120",61
"GO:0019752","carboxylic acid metabolic process","91/594","358/6447",0.254189944134078,2.75885954517239,10.9080921288685,1.1498828993257e-20,8.96142072874493e-19,7.61746987342777e-19,"YAL062W/YAL054C/YAL044C/YAL012W/YBL015W/YBR248C/YCL040W/YCL030C/YDL182W/YDL174C/YDL170W/YDL066W/YDR019C/YDR148C/YDR158W/YDR216W/YDR253C/YDR354W/YDR502C/YDR516C/YEL071W/YER024W/YER052C/YER055C/YER069W/YER073W/YER091C/YFR025C/YFR049W/YFR053C/YGL202W/YGL184C/YGL125W/YGL026C/YGL009C/YGR087C/YGR155W/YGR204W/YGR256W/YGR267C/YHR018C/YHR033W/YHR112C/YHR208W/YIL160C/YIL125W/YIL116W/YIL074C/YIL046W/YIR017C/YIR034C/YJL088W/YJL071W/YJL060W/YJR010W/YJR109C/YJR130C/YJR137C/YJR139C/YKL211C/YKL085W/YKL001C/YKR069W/YLL062C/YLR058C/YLR134W/YLR180W/YLR303W/YMR020W/YMR062C/YMR110C/YMR189W/YMR280C/YNL311C/YNL277W/YNL135C/YNL117W/YNL104C/YNL097C-B/YOL140W/YOL064C/YOL058W/YOR130C/YOR184W/YOR202W/YOR303W/YOR388C/YPL147W/YPL061W/YPR145W/YPR167C",91
"GO:0006812","monoatomic cation transport","67/594","214/6447",0.313084112149533,3.39806947984518,11.3649936161851,1.39842625609898e-20,1.02172518336231e-18,8.68496306419364e-19,"YBL099W/YBL045C/YBL030C/YBR039W/YBR085W/YBR296C/YBR298C/YDL004W/YDR298C/YDR322C-A/YDR342C/YDR343C/YDR345C/YDR377W/YDR529C/YDR536W/YEL069C/YEL065W/YEL024W/YER145C/YFL011W/YFR033C/YGL191W/YGL187C/YGR183C/YHL047C/YHL040C/YHR001W-A/YHR051W/YHR092C/YHR094C/YHR096C/YIL121W/YJL166W/YJR121W/YKL220C/YKL217W/YKL175W/YKL016C/YLR034C/YLR038C/YLR130C/YLR136C/YLR295C/YLR395C/YML120C/YML081C-A/YMR058W/YMR256C/YMR301C/YNL318C/YNL052W/YNR072W/YOL158C/YOL077W-A/YOR065W/YOR382W/YOR383C/YOR384W/YPL271W/YPL078C/YPL036W/YPR020W/YPR191W/Q0055/Q0105/Q0120",67
"GO:0055085","transmembrane transport","109/594","484/6447",0.225206611570248,2.44428792052759,10.5242987109735,2.91564139958138e-20,1.9809451791515e-18,1.68386137420108e-18,"YAL067C/YBL099W/YBL075C/YBL045C/YBL042C/YBL030C/YBR021W/YBR039W/YBR085W/YBR104W/YBR294W/YBR296C/YBR298C/YCL040W/YDL198C/YDL054C/YDL004W/YDR046C/YDR277C/YDR298C/YDR322C-A/YDR342C/YDR343C/YDR345C/YDR377W/YDR529C/YDR536W/YEL069C/YEL065W/YEL024W/YER060W-A/YER145C/YFL011W/YFR033C/YFR053C/YGL191W/YGL187C/YGL186C/YGR055W/YGR138C/YGR183C/YGR243W/YHL047C/YHL040C/YHL036W/YHL028W/YHL016C/YHR001W-A/YHR051W/YHR092C/YHR094C/YHR096C/YHR162W/YIL121W/YIR034C/YJL212C/YJL166W/YJR077C/YJR121W/YKL221W/YKL217W/YKL175W/YKL120W/YKL016C/YKR016W/YLL061W/YLL055W/YLL053C/YLL052C/YLR004C/YLR034C/YLR038C/YLR092W/YLR130C/YLR136C/YLR237W/YLR295C/YLR395C/YML120C/YML081C-A/YMR018W/YMR058W/YMR256C/YMR301C/YNL318C/YNL052W/YNR002C/YNR072W/YOL158C/YOL119C/YOL077W-A/YOR065W/YOR092W/YOR130C/YOR192C/YOR222W/YPL274W/YPL271W/YPL147W/YPL134C/YPL078C/YPL058C/YPL036W/YPR020W/YPR191W/YPR192W/Q0055/Q0105/Q0120",109
"GO:0006119","oxidative phosphorylation","28/594","41/6447",0.682926829268293,7.41217048534122,13.1205678964031,3.10671816390174e-20,1.9809451791515e-18,1.68386137420108e-18,"YDR178W/YDR298C/YDR529C/YEL039C/YEL024W/YFR033C/YGL191W/YGL187C/YGR183C/YHR001W-A/YHR051W/YJL166W/YJL116C/YJR048W/YJR121W/YKL148C/YKL141W/YLR038C/YLR395C/YML120C/YMR118C/YMR256C/YNL052W/YOR065W/YPL271W/YPR191W/Q0105/Q0120",28
"GO:0006811","monoatomic ion transport","70/594","234/6447",0.299145299145299,3.24678408011741,11.1523836456881,3.21967137757728e-20,1.9809451791515e-18,1.68386137420108e-18,"YBL099W/YBL045C/YBL030C/YBR039W/YBR085W/YBR294W/YBR296C/YBR298C/YDL004W/YDR298C/YDR322C-A/YDR342C/YDR343C/YDR345C/YDR377W/YDR529C/YDR536W/YEL069C/YEL065W/YEL024W/YER145C/YFL011W/YFR033C/YGL191W/YGL187C/YGR183C/YHL047C/YHL040C/YHR001W-A/YHR051W/YHR092C/YHR094C/YHR096C/YIL121W/YJL166W/YJR121W/YKL220C/YKL217W/YKL175W/YKL016C/YLR034C/YLR038C/YLR092W/YLR130C/YLR136C/YLR295C/YLR395C/YML120C/YML081C-A/YMR058W/YMR256C/YMR301C/YNL318C/YNL052W/YNR002C/YNR072W/YOL158C/YOL077W-A/YOR065W/YOR382W/YOR383C/YOR384W/YPL271W/YPL078C/YPL036W/YPR020W/YPR191W/Q0055/Q0105/Q0120",70
"GO:0044283","small molecule biosynthetic process","88/594","349/6447",0.25214899713467,2.73670805475963,10.626614670781,9.75501469985455e-20,5.70180609206499e-18,4.84670204034879e-18,"YAL062W/YAL012W/YBR105C/YBR145W/YBR240C/YBR248C/YBR256C/YCL030C/YDL182W/YDL066W/YDR158W/YDR354W/YDR399W/YEL071W/YEL029C/YER052C/YER055C/YER069W/YER073W/YER091C/YFR025C/YGL256W/YGL202W/YGL184C/YGL125W/YGL026C/YGL009C/YGR087C/YGR144W/YGR155W/YGR204W/YGR267C/YHR018C/YHR033W/YHR208W/YIL116W/YIL074C/YIL046W/YIR017C/YIR034C/YJL089W/YJL088W/YJL071W/YJL060W/YJR109C/YJR130C/YJR137C/YJR139C/YKL211C/YKL150W/YKL001C/YKR069W/YKR097W/YLL062C/YLR058C/YLR070C/YLR134W/YLR303W/YMR015C/YMR020W/YMR062C/YMR095C/YMR096W/YMR101C/YMR110C/YMR280C/YNL277W/YNL135C/YNL104C/YNL097C-B/YOL143C/YOL140W/YOL064C/YOL058W/YOL055C/YOR047C/YOR130C/YOR143C/YOR184W/YOR202W/YOR303W/YPL258C/YPL214C/YPL201C/YPL061W/YPR121W/YPR145W/YPR167C",88
"GO:0043436","oxoacid metabolic process","92/594","376/6447",0.24468085106383,2.6556522673544,10.5385787522914,1.16247474476823e-19,6.47110941254314e-18,5.50063237624666e-18,"YAL062W/YAL054C/YAL044C/YAL012W/YBL015W/YBR248C/YCL040W/YCL030C/YDL182W/YDL174C/YDL170W/YDL066W/YDR019C/YDR148C/YDR158W/YDR216W/YDR253C/YDR354W/YDR502C/YDR516C/YEL071W/YER024W/YER052C/YER055C/YER069W/YER073W/YER091C/YFR025C/YFR049W/YFR053C/YGL202W/YGL184C/YGL125W/YGL026C/YGL009C/YGR087C/YGR155W/YGR204W/YGR256W/YGR267C/YHR018C/YHR033W/YHR112C/YHR208W/YIL160C/YIL125W/YIL116W/YIL074C/YIL046W/YIR017C/YIR034C/YJL088W/YJL071W/YJL060W/YJR010W/YJR109C/YJR130C/YJR137C/YJR139C/YKL211C/YKL085W/YKL001C/YKR034W/YKR069W/YLL062C/YLR058C/YLR134W/YLR180W/YLR303W/YMR020W/YMR062C/YMR110C/YMR189W/YMR280C/YNL311C/YNL277W/YNL135C/YNL117W/YNL104C/YNL097C-B/YOL140W/YOL064C/YOL058W/YOR130C/YOR184W/YOR202W/YOR303W/YOR388C/YPL147W/YPL061W/YPR145W/YPR167C",92
"GO:0006082","organic acid metabolic process","92/594","378/6447",0.243386243386243,2.64160119715675,10.478620267607,1.71489452196304e-19,9.11232589170361e-18,7.74574367814885e-18,"YAL062W/YAL054C/YAL044C/YAL012W/YBL015W/YBR248C/YCL040W/YCL030C/YDL182W/YDL174C/YDL170W/YDL066W/YDR019C/YDR148C/YDR158W/YDR216W/YDR253C/YDR354W/YDR502C/YDR516C/YEL071W/YER024W/YER052C/YER055C/YER069W/YER073W/YER091C/YFR025C/YFR049W/YFR053C/YGL202W/YGL184C/YGL125W/YGL026C/YGL009C/YGR087C/YGR155W/YGR204W/YGR256W/YGR267C/YHR018C/YHR033W/YHR112C/YHR208W/YIL160C/YIL125W/YIL116W/YIL074C/YIL046W/YIR017C/YIR034C/YJL088W/YJL071W/YJL060W/YJR010W/YJR109C/YJR130C/YJR137C/YJR139C/YKL211C/YKL085W/YKL001C/YKR034W/YKR069W/YLL062C/YLR058C/YLR134W/YLR180W/YLR303W/YMR020W/YMR062C/YMR110C/YMR189W/YMR280C/YNL311C/YNL277W/YNL135C/YNL117W/YNL104C/YNL097C-B/YOL140W/YOL064C/YOL058W/YOR130C/YOR184W/YOR202W/YOR303W/YOR388C/YPL147W/YPL061W/YPR145W/YPR167C",92
"GO:0006520","amino acid metabolic process","68/594","233/6447",0.291845493562232,3.16755538214766,10.7352373235119,5.21059385910988e-19,2.64834096578237e-17,2.25116732402733e-17,"YAL062W/YAL044C/YAL012W/YBR145W/YBR248C/YCL030C/YDL182W/YDL170W/YDL066W/YDR019C/YDR148C/YDR158W/YDR354W/YDR502C/YER052C/YER055C/YER069W/YER091C/YFR025C/YGL256W/YGL202W/YGL184C/YGL125W/YGL026C/YGL009C/YGR087C/YGR155W/YGR204W/YHR018C/YHR033W/YHR112C/YHR208W/YIL116W/YIL074C/YIL046W/YIR017C/YIR034C/YJL088W/YJL071W/YJL060W/YJR109C/YJR130C/YJR139C/YKL211C/YKL001C/YKR069W/YLL062C/YLR058C/YLR134W/YLR180W/YLR303W/YMR062C/YMR096W/YMR110C/YMR189W/YNL277W/YNL135C/YNL104C/YNL097C-B/YOL140W/YOL064C/YOL058W/YOR130C/YOR184W/YOR202W/YOR303W/YPR145W/YPR167C",68
"GO:0045333","cellular respiration","45/594","112/6447",0.401785714285714,4.36079545454545,11.4294911027738,6.61358051469723e-19,3.22136484236711e-17,2.73825438854131e-17,"YBL045C/YBL030C/YBR085W/YDL066W/YDR148C/YDR178W/YDR298C/YDR529C/YEL039C/YEL024W/YFR033C/YFR049W/YGL191W/YGL187C/YGR183C/YGR244C/YHR001W-A/YHR051W/YIL125W/YJL166W/YJL116C/YJR048W/YJR120W/YJR121W/YKL148C/YKL141W/YKL109W/YKL093W/YKL085W/YLL041C/YLR038C/YLR395C/YML120C/YMR081C/YMR118C/YMR256C/YNL117W/YNL052W/YOR065W/YOR356W/YPL271W/YPR191W/Q0055/Q0105/Q0120",45
"GO:0016053","organic acid biosynthetic process","60/594","190/6447",0.31578947368421,3.4274322169059,10.8190703711998,1.03316493688848e-18,4.64526850470241e-17,3.94861417175191e-17,"YAL062W/YAL012W/YBR248C/YCL030C/YDL182W/YDL066W/YDR158W/YDR354W/YEL071W/YER052C/YER055C/YER069W/YER073W/YER091C/YFR025C/YGL202W/YGL184C/YGL125W/YGL026C/YGL009C/YGR155W/YGR204W/YGR267C/YHR018C/YHR033W/YHR208W/YIL116W/YIL074C/YIL046W/YIR017C/YIR034C/YJL088W/YJL071W/YJL060W/YJR109C/YJR130C/YJR137C/YJR139C/YKL211C/YKL001C/YKR069W/YLL062C/YLR058C/YLR303W/YMR020W/YMR062C/YNL277W/YNL135C/YNL104C/YNL097C-B/YOL140W/YOL064C/YOL058W/YOR130C/YOR184W/YOR202W/YOR303W/YPL061W/YPR145W/YPR167C",60
"GO:0046394","carboxylic acid biosynthetic process","60/594","190/6447",0.31578947368421,3.4274322169059,10.8190703711998,1.03316493688848e-18,4.64526850470241e-17,3.94861417175191e-17,"YAL062W/YAL012W/YBR248C/YCL030C/YDL182W/YDL066W/YDR158W/YDR354W/YEL071W/YER052C/YER055C/YER069W/YER073W/YER091C/YFR025C/YGL202W/YGL184C/YGL125W/YGL026C/YGL009C/YGR155W/YGR204W/YGR267C/YHR018C/YHR033W/YHR208W/YIL116W/YIL074C/YIL046W/YIR017C/YIR034C/YJL088W/YJL071W/YJL060W/YJR109C/YJR130C/YJR137C/YJR139C/YKL211C/YKL001C/YKR069W/YLL062C/YLR058C/YLR303W/YMR020W/YMR062C/YNL277W/YNL135C/YNL104C/YNL097C-B/YOL140W/YOL064C/YOL058W/YOR130C/YOR184W/YOR202W/YOR303W/YPL061W/YPR145W/YPR167C",60
"GO:0000096","sulfur amino acid metabolic process","28/594","46/6447",0.608695652173913,6.60649978041282,12.1561464271307,3.18465847331596e-18,1.37883916863198e-16,1.17205364476034e-16,"YAL012W/YDR158W/YDR253C/YDR502C/YER052C/YER091C/YGL202W/YGL184C/YGL125W/YGR155W/YGR204W/YHR112C/YHR208W/YIL046W/YIR017C/YJR010W/YJR130C/YJR137C/YJR139C/YKL001C/YKR069W/YLL062C/YLR180W/YLR303W/YNL311C/YNL277W/YOL064C/YPR167C",28
"GO:0009060","aerobic respiration","41/594","98/6447",0.418367346938776,4.54076479076479,11.2513999664925,4.3665499097674e-18,1.82303458732789e-16,1.54963274993249e-16,"YBL045C/YBL030C/YDL066W/YDR148C/YDR178W/YDR298C/YDR529C/YEL039C/YEL024W/YFR033C/YFR049W/YGL191W/YGL187C/YGR183C/YGR244C/YHR001W-A/YHR051W/YIL125W/YJL166W/YJL116C/YJR048W/YJR121W/YKL148C/YKL141W/YKL093W/YKL085W/YLL041C/YLR038C/YLR395C/YML120C/YMR081C/YMR118C/YMR256C/YNL117W/YNL052W/YOR065W/YPL271W/YPR191W/Q0055/Q0105/Q0120",41
"GO:0006790","sulfur compound metabolic process","47/594","134/6447",0.350746268656716,3.80683702698628,10.459256472866,6.82278323099092e-17,2.75028744725117e-15,2.33782481671704e-15,"YAL054C/YAL012W/YBR092C/YBR213W/YBR240C/YCR020C/YDR148C/YDR158W/YDR253C/YDR502C/YDR513W/YER052C/YER091C/YFR030W/YGL202W/YGL184C/YGL125W/YGR144W/YGR154C/YGR155W/YGR204W/YGR244C/YHR112C/YHR208W/YIL046W/YIR017C/YIR038C/YJL101C/YJR010W/YJR130C/YJR137C/YJR139C/YKL001C/YKR069W/YLL062C/YLR180W/YLR303W/YNL311C/YNL277W/YNL191W/YOL064C/YOL055C/YOR143C/YPL258C/YPL214C/YPR121W/YPR167C",47
"GO:0019646","aerobic electron transport chain","23/594","35/6447",0.657142857142857,7.13232323232323,11.5880781288548,2.94463147957983e-16,1.14742473320961e-14,9.75344602359073e-15,"YDR178W/YDR529C/YEL039C/YEL024W/YFR033C/YGL191W/YGL187C/YGR183C/YHR001W-A/YHR051W/YJL166W/YJR048W/YKL148C/YKL141W/YLR395C/YML120C/YMR118C/YMR256C/YNL052W/YOR065W/YPR191W/Q0105/Q0120",23
"GO:0022904","respiratory electron transport chain","25/594","42/6447",0.595238095238095,6.46043771043771,11.3094542079751,4.54000380764628e-16,1.71202079068984e-14,1.45526777399595e-14,"YDR178W/YDR529C/YEL039C/YEL024W/YFR033C/YGL191W/YGL187C/YGR183C/YHR001W-A/YHR051W/YJL166W/YJR048W/YKL148C/YKL141W/YLL041C/YLR395C/YML120C/YMR118C/YMR256C/YNL052W/YOR065W/YOR356W/YPR191W/Q0105/Q0120",25
"GO:0042773","ATP synthesis coupled electron transport","23/594","36/6447",0.638888888888889,6.93420314253648,11.3736505905771,7.45992646594722e-16,2.64262243596736e-14,2.24630640633307e-14,"YDR178W/YDR529C/YEL039C/YEL024W/YFR033C/YGL191W/YGL187C/YGR183C/YHR001W-A/YHR051W/YJL166W/YJR048W/YKL148C/YKL141W/YLR395C/YML120C/YMR118C/YMR256C/YNL052W/YOR065W/YPR191W/Q0105/Q0120",23
"GO:0042775","mitochondrial ATP synthesis coupled electron transport","23/594","36/6447",0.638888888888889,6.93420314253648,11.3736505905771,7.45992646594722e-16,2.64262243596736e-14,2.24630640633307e-14,"YDR178W/YDR529C/YEL039C/YEL024W/YFR033C/YGL191W/YGL187C/YGR183C/YHR001W-A/YHR051W/YJL166W/YJR048W/YKL148C/YKL141W/YLR395C/YML120C/YMR118C/YMR256C/YNL052W/YOR065W/YPR191W/Q0105/Q0120",23
"GO:0022900","electron transport chain","25/594","43/6447",0.581395348837209,6.31019497298567,11.1293075616963,9.92153539275783e-16,3.41125731592174e-14,2.89966854822396e-14,"YDR178W/YDR529C/YEL039C/YEL024W/YFR033C/YGL191W/YGL187C/YGR183C/YHR001W-A/YHR051W/YJL166W/YJR048W/YKL148C/YKL141W/YLL041C/YLR395C/YML120C/YMR118C/YMR256C/YNL052W/YOR065W/YOR356W/YPR191W/Q0105/Q0120",25
"GO:0044272","sulfur compound biosynthetic process","35/594","85/6447",0.411764705882353,4.4691027926322,10.2560212038985,2.38295000478576e-15,7.95905301598444e-14,6.76542798351205e-14,"YAL054C/YAL012W/YBR240C/YDR158W/YDR502C/YER052C/YER091C/YFR030W/YGL202W/YGL184C/YGL125W/YGR144W/YGR155W/YGR204W/YHR208W/YIL046W/YIR017C/YJL101C/YJR010W/YJR130C/YJR137C/YJR139C/YKL001C/YKR069W/YLL062C/YLR180W/YLR303W/YNL277W/YOL064C/YOL055C/YOR143C/YPL258C/YPL214C/YPR121W/YPR167C",35
"GO:0000097","sulfur amino acid biosynthetic process","22/594","36/6447",0.611111111111111,6.63271604938272,10.7958124591992,1.26003335298849e-14,4.09160830456539e-13,3.4779867988922e-13,"YAL012W/YDR158W/YER052C/YER091C/YGL202W/YGL184C/YGL125W/YGR155W/YGR204W/YHR208W/YIL046W/YIR017C/YJR130C/YJR137C/YJR139C/YKL001C/YKR069W/YLL062C/YLR303W/YNL277W/YOL064C/YPR167C",22
"GO:0006555","methionine metabolic process","21/594","35/6447",0.6,6.51212121212121,10.4160998763236,8.64215920709787e-14,2.730455165702e-12,2.32096679701291e-12,"YDR158W/YDR502C/YER052C/YER091C/YGL202W/YGL184C/YGL125W/YGR204W/YHR208W/YIL046W/YIR017C/YJR130C/YJR139C/YKL001C/YKR069W/YLL062C/YLR180W/YLR303W/YNL277W/YOL064C/YPR167C",21
"GO:0009069","serine family amino acid metabolic process","21/594","36/6447",0.583333333333333,6.33122895622896,10.2179743278214,1.89771354028511e-13,5.83796612787708e-12,4.96244205548238e-12,"YAL044C/YAL012W/YDR019C/YDR158W/YER052C/YGL184C/YGR155W/YHR112C/YIL074C/YIL046W/YIR017C/YJR130C/YJR139C/YKL001C/YLR058C/YLR303W/YMR189W/YNL277W/YNL135C/YOR184W/YPR167C",21
"GO:0009145","purine nucleoside triphosphate biosynthetic process","17/594","24/6447",0.708333333333333,7.68792087542088,10.456272605388,3.75142542730982e-13,1.0963540811313e-11,9.31933053521177e-12,"YBL099W/YBR039W/YDL004W/YDR298C/YDR322C-A/YDR377W/YHR216W/YJL116C/YJR121W/YKL067W/YKL016C/YLR295C/YML081C-A/YOL077W-A/YPL271W/YPL078C/YPR020W",17
"GO:0009206","purine ribonucleoside triphosphate biosynthetic process","17/594","24/6447",0.708333333333333,7.68792087542088,10.456272605388,3.75142542730982e-13,1.0963540811313e-11,9.31933053521177e-12,"YBL099W/YBR039W/YDL004W/YDR298C/YDR322C-A/YDR377W/YHR216W/YJL116C/YJR121W/YKL067W/YKL016C/YLR295C/YML081C-A/YOL077W-A/YPL271W/YPL078C/YPR020W",17
"GO:0009086","methionine biosynthetic process","19/594","32/6447",0.59375,6.44428661616162,9.83482758160195,1.77428095696929e-12,5.05886448462708e-11,4.3001828584827e-11,"YDR158W/YER052C/YER091C/YGL202W/YGL184C/YGL125W/YGR204W/YHR208W/YIL046W/YIR017C/YJR130C/YJR139C/YKL001C/YKR069W/YLL062C/YLR303W/YNL277W/YOL064C/YPR167C",19
"GO:0006754","ATP biosynthetic process","15/594","20/6447",0.75,8.14015151515152,10.1874944833029,2.48420227162068e-12,6.75356385005715e-11,5.74072691410018e-11,"YBL099W/YBR039W/YDL004W/YDR298C/YDR322C-A/YDR377W/YJL116C/YJR121W/YKL016C/YLR295C/YML081C-A/YOL077W-A/YPL271W/YPL078C/YPR020W",15
"GO:0015986","proton motive force-driven ATP synthesis","15/594","20/6447",0.75,8.14015151515152,10.1874944833029,2.48420227162068e-12,6.75356385005715e-11,5.74072691410018e-11,"YBL099W/YBR039W/YDL004W/YDR298C/YDR322C-A/YDR377W/YJL116C/YJR121W/YKL016C/YLR295C/YML081C-A/YOL077W-A/YPL271W/YPL078C/YPR020W",15
"GO:0009067","aspartate family amino acid biosynthetic process","23/594","49/6447",0.469387755102041,5.09451659451659,9.16489869369334,5.92336766674277e-12,1.57373109145961e-10,1.33771748263282e-10,"YDL182W/YDR158W/YER052C/YER091C/YGL202W/YGL184C/YGL125W/YGR204W/YHR208W/YIL046W/YIR017C/YIR034C/YJR130C/YJR139C/YKL001C/YKR069W/YLL062C/YLR303W/YNL277W/YNL097C-B/YOL064C/YPR145W/YPR167C",23
"GO:0009066","aspartate family amino acid metabolic process","26/594","63/6447",0.412698412698413,4.47923681257015,8.84009508538323,9.50437045285823e-12,2.46902423542028e-10,2.09874285555513e-10,"YDL182W/YDR148C/YDR158W/YDR502C/YER052C/YER091C/YGL202W/YGL184C/YGL125W/YGR204W/YHR208W/YIL046W/YIR017C/YIR034C/YJR130C/YJR139C/YKL001C/YKR069W/YLL062C/YLR180W/YLR303W/YNL277W/YNL097C-B/YOL064C/YPR145W/YPR167C",26
"GO:0009201","ribonucleoside triphosphate biosynthetic process","17/594","28/6447",0.607142857142857,6.58964646464646,9.44232140594518,1.63407028989117e-11,4.15266993235387e-10,3.52989096946743e-10,"YBL099W/YBR039W/YDL004W/YDR298C/YDR322C-A/YDR377W/YHR216W/YJL116C/YJR121W/YKL067W/YKL016C/YLR295C/YML081C-A/YOL077W-A/YPL271W/YPL078C/YPR020W",17
"GO:0006122","mitochondrial electron transport, ubiquinol to cytochrome c","12/594","15/6447",0.8,8.68282828282828,9.48948949047794,1.18440772247741e-10,2.9458992076087e-09,2.50410053755582e-09,"YDR529C/YEL039C/YEL024W/YFR033C/YGR183C/YHR001W-A/YJL166W/YJR048W/YOR065W/YPR191W/Q0105/Q0120",12
"GO:0009142","nucleoside triphosphate biosynthetic process","17/594","32/6447",0.53125,5.76594065656566,8.60943001831088,3.02294825644893e-10,7.36213856622666e-09,6.25803323264866e-09,"YBL099W/YBR039W/YDL004W/YDR298C/YDR322C-A/YDR377W/YHR216W/YJL116C/YJR121W/YKL067W/YKL016C/YLR295C/YML081C-A/YOL077W-A/YPL271W/YPL078C/YPR020W",17
"GO:0006163","purine nucleotide metabolic process","37/594","140/6447",0.264285714285714,2.86843434343434,7.11999280488315,1.80248808305399e-09,4.30022156957166e-08,3.65531417916856e-08,"YBL099W/YBR039W/YBR117C/YBR145W/YCL040W/YDL085W/YDL066W/YDL004W/YDR298C/YDR322C-A/YDR377W/YDR399W/YDR516C/YFR053C/YGL248W/YGR043C/YGR204W/YGR256W/YHR216W/YIL155C/YJL116C/YJR121W/YKL067W/YKL016C/YLR295C/YML120C/YML081C-A/YMR120C/YMR145C/YOL077W-A/YOR222W/YPL271W/YPL188W/YPL134C/YPL078C/YPL061W/YPR020W",37
"GO:0009070","serine family amino acid biosynthetic process","14/594","24/6447",0.583333333333333,6.33122895622896,8.33514395975264,2.25098497280637e-09,5.23947704566506e-08,4.45370882095162e-08,"YAL012W/YDR158W/YER052C/YGR155W/YIL074C/YIL046W/YIR017C/YJR139C/YKL001C/YLR058C/YLR303W/YNL135C/YOR184W/YPR167C",14
"GO:0006526","L-arginine biosynthetic process","10/594","12/6447",0.833333333333333,9.04461279461279,8.88526947582329,2.28582830905833e-09,5.23947704566506e-08,4.45370882095162e-08,"YER069W/YHR018C/YJL088W/YJL071W/YJR109C/YMR062C/YOL140W/YOL058W/YOR130C/YOR303W",10
"GO:0009092","homoserine metabolic process","11/594","15/6447",0.733333333333333,7.95925925925926,8.59576905419794,3.60273082994469e-09,8.09921603885644e-08,6.8845706547931e-08,"YAL012W/YDR158W/YER052C/YGL184C/YGR155W/YHR112C/YJR130C/YJR139C/YLR303W/YNL277W/YNL135C",11
"GO:0034308","primary alcohol metabolic process","16/594","33/6447",0.484848484848485,5.26232017141108,7.81965643950134,5.83373184233366e-09,1.28672311767699e-07,1.09375230569275e-07,"YBR145W/YBR240C/YCR020C/YDL085W/YDR216W/YER073W/YGR087C/YGR144W/YLR134W/YMR145C/YOL055C/YOR143C/YPL258C/YPL214C/YPL061W/YPR121W",16
"GO:0009152","purine ribonucleotide biosynthetic process","19/594","46/6447",0.41304347826087,4.48298199385156,7.55188455874718,6.13646334649529e-09,1.30427739128236e-07,1.10867395197924e-07,"YBL099W/YBR039W/YDL004W/YDR298C/YDR322C-A/YDR377W/YDR399W/YHR216W/YJL116C/YJR121W/YKL067W/YKL016C/YLR295C/YML081C-A/YMR120C/YOL077W-A/YPL271W/YPL078C/YPR020W",19
"GO:0015074","DNA integration","19/594","46/6447",0.41304347826087,4.48298199385156,7.55188455874718,6.13646334649529e-09,1.30427739128236e-07,1.10867395197924e-07,"YAR009C/YBL100W-B/YBL005W-B/YBR012W-B/YDR098C-B/YDR210C-D/YDR261W-B/YDR261C-D/YDR365W-B/YGR161C-D/YJR027W/YLR227W-B/YMR045C/YNL284C-B/YNL054W-B/YOL103W-B/YOR192C-B/YPR158W-B/YPR158C-D",19
"GO:0009117","nucleotide metabolic process","43/594","185/6447",0.232432432432432,2.52271362271362,6.69416906763793,6.37349457985081e-09,1.33046699354386e-07,1.13093588033443e-07,"YBL099W/YBR039W/YBR117C/YBR145W/YCL040W/YDL085W/YDL066W/YDL004W/YDR298C/YDR322C-A/YDR377W/YDR399W/YDR516C/YER037W/YFR053C/YGL248W/YGL224C/YGL037C/YGR043C/YGR204W/YGR256W/YHR216W/YIL155C/YJL116C/YJL026W/YJR121W/YKL216W/YKL067W/YKL016C/YLR295C/YLR420W/YML120C/YML081C-A/YMR120C/YMR145C/YOL077W-A/YOR222W/YPL271W/YPL188W/YPL134C/YPL078C/YPL061W/YPR020W",43
"GO:0009260","ribonucleotide biosynthetic process","21/594","60/6447",0.35,3.79873737373737,6.93806597745524,3.23083159341643e-08,6.62603882930493e-07,5.63232691446927e-07,"YBL099W/YBR039W/YDL004W/YDR298C/YDR322C-A/YDR377W/YDR399W/YHR216W/YJL116C/YJR121W/YKL216W/YKL067W/YKL016C/YLR295C/YLR420W/YML081C-A/YMR120C/YOL077W-A/YPL271W/YPL078C/YPR020W",21
"GO:0008645","hexose transmembrane transport","13/594","25/6447",0.52,5.64383838383838,7.41073121179694,5.57082250561328e-08,1.1037782218749e-06,9.38243790419079e-07,"YCL040W/YDR277C/YDR342C/YDR343C/YDR345C/YEL069C/YFL011W/YFR053C/YHR092C/YHR094C/YHR096C/YNL318C/YNR072W",13
"GO:0015749","monosaccharide transmembrane transport","13/594","25/6447",0.52,5.64383838383838,7.41073121179694,5.57082250561328e-08,1.1037782218749e-06,9.38243790419079e-07,"YCL040W/YDR277C/YDR342C/YDR343C/YDR345C/YEL069C/YFL011W/YFR053C/YHR092C/YHR094C/YHR096C/YNL318C/YNR072W",13
"GO:0009205","purine ribonucleoside triphosphate metabolic process","20/594","58/6447",0.344827586206897,3.74259839777081,6.68357585914914,9.18068439611528e-08,1.78870334317646e-06,1.52045018770751e-06,"YBL099W/YBR039W/YCL040W/YDL004W/YDR298C/YDR322C-A/YDR377W/YDR516C/YFR053C/YHR216W/YJL116C/YJR121W/YKL067W/YKL016C/YLR295C/YML081C-A/YOL077W-A/YPL271W/YPL078C/YPR020W",20
"GO:0009084","glutamine family amino acid biosynthetic process","13/594","26/6447",0.5,5.42676767676768,7.2047875676867,1.02113903401207e-07,1.95690414878707e-06,1.66342579483589e-06,"YAL062W/YDL066W/YER069W/YHR018C/YHR033W/YJL088W/YJL071W/YJR109C/YMR062C/YOL140W/YOL058W/YOR130C/YOR303W",13
"GO:0055086","nucleobase-containing small molecule metabolic process","51/594","260/6447",0.196153846153846,2.1289627039627,5.91936774884369,1.04158456529243e-07,1.96389089810783e-06,1.66936473622421e-06,"YAL054C/YBL099W/YBR039W/YBR117C/YBR145W/YCL040W/YDL085W/YDL066W/YDL004W/YDR148C/YDR298C/YDR322C-A/YDR377W/YDR399W/YDR516C/YER037W/YFR053C/YGL248W/YGL224C/YGL037C/YGR043C/YGR204W/YGR244C/YGR256W/YHR216W/YIL155C/YJL116C/YJL026W/YJR121W/YKL216W/YKL127W/YKL067W/YKL016C/YLR295C/YLR420W/YML120C/YML081C-A/YMR105C/YMR120C/YMR145C/YOL077W-A/YOR047C/YOR184W/YOR222W/YOR303W/YPL271W/YPL188W/YPL134C/YPL078C/YPL061W/YPR020W",51
"GO:0072521","purine-containing compound metabolic process","41/594","190/6447",0.215789473684211,2.34207868155237,5.98164743727012,1.34772419045453e-07,2.50077710895452e-06,2.12573372730005e-06,"YAL054C/YBL099W/YBR039W/YBR117C/YBR145W/YCL040W/YDL085W/YDL066W/YDL004W/YDR148C/YDR298C/YDR322C-A/YDR377W/YDR399W/YDR516C/YFR053C/YGL248W/YGR043C/YGR204W/YGR244C/YGR256W/YHR216W/YIL155C/YJL116C/YJR121W/YKL067W/YKL016C/YLR295C/YML120C/YML081C-A/YMR120C/YMR145C/YOL077W-A/YOR184W/YOR222W/YPL271W/YPL188W/YPL134C/YPL078C/YPL061W/YPR020W",41
"GO:0009144","purine nucleoside triphosphate metabolic process","20/594","60/6447",0.333333333333333,3.61784511784512,6.48963433182526,1.74524518736643e-07,3.187799412549e-06,2.70972279091104e-06,"YBL099W/YBR039W/YCL040W/YDL004W/YDR298C/YDR322C-A/YDR377W/YDR516C/YFR053C/YHR216W/YJL116C/YJR121W/YKL067W/YKL016C/YLR295C/YML081C-A/YOL077W-A/YPL271W/YPL078C/YPR020W",20
"GO:0000103","sulfate assimilation","8/594","10/6447",0.8,8.68282828282828,7.74512592066533,1.89119921147225e-07,3.40124904340162e-06,2.89116122369198e-06,"YBR213W/YFR030W/YJR010W/YJR137C/YKL001C/YKR069W/YOL064C/YPR167C",8
"GO:0006534","cysteine metabolic process","10/594","16/6447",0.625,6.7834595959596,7.37832113253663,1.96711701186563e-07,3.48418149525897e-06,2.96165623477058e-06,"YAL012W/YGL184C/YGR155W/YHR112C/YIL046W/YIR017C/YJR130C/YKL001C/YLR303W/YPR167C",10
"GO:0006753","nucleoside phosphate metabolic process","48/594","243/6447",0.197530864197531,2.14390821798229,5.79038623403955,2.01919323532759e-07,3.52304013745963e-06,2.9946872178307e-06,"YAL054C/YBL099W/YBR039W/YBR117C/YBR145W/YCL040W/YDL085W/YDL066W/YDL004W/YDR148C/YDR298C/YDR322C-A/YDR377W/YDR399W/YDR516C/YER037W/YFR053C/YGL248W/YGL224C/YGL037C/YGR043C/YGR204W/YGR244C/YGR256W/YHR216W/YIL155C/YJL116C/YJL026W/YJR121W/YKL216W/YKL127W/YKL067W/YKL016C/YLR295C/YLR420W/YML120C/YML081C-A/YMR105C/YMR120C/YMR145C/YOL077W-A/YOR222W/YPL271W/YPL188W/YPL134C/YPL078C/YPL061W/YPR020W",48
"GO:0046390","ribose phosphate biosynthetic process","21/594","66/6447",0.318181818181818,3.45339761248852,6.38182138256305,2.11736928178609e-07,3.64000689765873e-06,3.09411238700629e-06,"YBL099W/YBR039W/YDL004W/YDR298C/YDR322C-A/YDR377W/YDR399W/YHR216W/YJL116C/YJR121W/YKL216W/YKL067W/YKL016C/YLR295C/YLR420W/YML081C-A/YMR120C/YOL077W-A/YPL271W/YPL078C/YPR020W",21
"GO:0170041","non-proteinogenic amino acid metabolic process","15/594","36/6447",0.416666666666667,4.5223063973064,6.75094553955455,2.18635782266478e-07,3.70413376042773e-06,3.14862209701839e-06,"YAL012W/YDL170W/YER069W/YGL184C/YGR155W/YHR018C/YHR112C/YJL088W/YJL071W/YJL060W/YJR130C/YLR303W/YMR062C/YOL140W/YOL058W",15
"GO:0009199","ribonucleoside triphosphate metabolic process","20/594","63/6447",0.317460317460317,3.44556677890011,6.21373135195164,4.30642067770147e-07,7.16339300025611e-06,6.08909368532868e-06,"YBL099W/YBR039W/YCL040W/YDL004W/YDR298C/YDR322C-A/YDR377W/YDR516C/YFR053C/YHR216W/YJL116C/YJR121W/YKL067W/YKL016C/YLR295C/YML081C-A/YOL077W-A/YPL271W/YPL078C/YPR020W",20
"GO:0006525","arginine metabolic process","10/594","17/6447",0.588235294117647,6.38443256090315,7.08121901873353,4.38476107002914e-07,7.16339300025611e-06,6.08909368532868e-06,"YER069W/YHR018C/YJL088W/YJL071W/YJR109C/YMR062C/YOL140W/YOL058W/YOR130C/YOR303W",10
"GO:0009150","purine ribonucleotide metabolic process","23/594","80/6447",0.2875,3.12039141414141,6.07914799955054,4.41201279742036e-07,7.16339300025611e-06,6.08909368532868e-06,"YBL099W/YBR039W/YCL040W/YDL004W/YDR298C/YDR322C-A/YDR377W/YDR399W/YDR516C/YFR053C/YGL248W/YHR216W/YJL116C/YJR121W/YKL067W/YKL016C/YLR295C/YML081C-A/YMR120C/YOL077W-A/YPL271W/YPL078C/YPR020W",23
"GO:0034219","carbohydrate transmembrane transport","15/594","38/6447",0.394736842105263,4.28429027113238,6.46825759845603,5.0982102934633e-07,8.16412031925835e-06,6.93974119254413e-06,"YBR298C/YCL040W/YDR277C/YDR342C/YDR343C/YDR345C/YDR536W/YEL069C/YFL011W/YFR053C/YHR092C/YHR094C/YHR096C/YNL318C/YNR072W",15
"GO:0046034","ATP metabolic process","18/594","53/6447",0.339622641509434,3.6861063464837,6.25495130170538,5.2782234989885e-07,8.33816658151022e-06,7.08768560888357e-06,"YBL099W/YBR039W/YCL040W/YDL004W/YDR298C/YDR322C-A/YDR377W/YDR516C/YFR053C/YJL116C/YJR121W/YKL016C/YLR295C/YML081C-A/YOL077W-A/YPL271W/YPL078C/YPR020W",18
"GO:0006164","purine nucleotide biosynthetic process","21/594","70/6447",0.3,3.25606060606061,6.0456177561323,6.42903470711339e-07,1.00207220968207e-05,8.51790703651234e-06,"YBL099W/YBR039W/YDL004W/YDR298C/YDR322C-A/YDR377W/YDR399W/YGR204W/YHR216W/YJL116C/YJR121W/YKL067W/YKL016C/YLR295C/YML081C-A/YMR120C/YOL077W-A/YPL271W/YPL188W/YPL078C/YPR020W",21
"GO:0008643","carbohydrate transport","15/594","39/6447",0.384615384615385,4.17443667443667,6.33412793559071,7.58962735575729e-07,1.16740452353688e-05,9.92328008841397e-06,"YBR298C/YCL040W/YDR277C/YDR342C/YDR343C/YDR345C/YDR536W/YEL069C/YFL011W/YFR053C/YHR092C/YHR094C/YHR096C/YNL318C/YNR072W",15
"GO:0006066","alcohol metabolic process","31/594","133/6447",0.233082706766917,2.52977139819245,5.67870331506801,8.2006469582829e-07,1.24500731093931e-05,1.05829264916187e-05,"YBR145W/YBR240C/YCR020C/YDL246C/YDL085W/YDL066W/YDR216W/YEL070W/YER024W/YER073W/YGL256W/YGR087C/YGR144W/YGR267C/YHL032C/YIL155C/YJR159W/YKL150W/YLR070C/YLR134W/YMR015C/YMR101C/YMR145C/YNR073C/YOL055C/YOR143C/YPL258C/YPL214C/YPL201C/YPL061W/YPR121W",31
"GO:0009259","ribonucleotide metabolic process","25/594","95/6447",0.263157894736842,2.85619351408825,5.80602524421083,8.8721522035732e-07,1.32968537512527e-05,1.13027148180474e-05,"YBL099W/YBR039W/YCL040W/YDL004W/YDR298C/YDR322C-A/YDR377W/YDR399W/YDR516C/YFR053C/YGL248W/YHR216W/YJL116C/YJR121W/YKL216W/YKL067W/YKL016C/YLR295C/YLR420W/YML081C-A/YMR120C/YOL077W-A/YPL271W/YPL078C/YPR020W",25
"GO:0015755","fructose transmembrane transport","10/594","18/6447",0.555555555555556,6.0297418630752,6.80705637554494,9.05564563045691e-07,1.34000629645622e-05,1.13904456697553e-05,"YDR342C/YDR343C/YDR345C/YEL069C/YFL011W/YFR053C/YHR092C/YHR094C/YHR096C/YNR072W",10
"GO:0046164","alcohol catabolic process","9/594","15/6447",0.6,6.51212121212121,6.80832818163793,1.35947967732274e-06,1.98653967848786e-05,1.68861686235878e-05,"YDL246C/YDR216W/YER073W/YHL032C/YIL155C/YJR159W/YLR070C/YOL055C/YPL061W",9
"GO:0005975","carbohydrate metabolic process","48/594","265/6447",0.181132075471698,1.96592338479131,5.1150540593994,2.83856085713605e-06,4.02032772400358e-05,3.41739621940424e-05,"YBR105C/YBR145W/YBR298C/YBR299W/YCL040W/YDL246C/YDL085W/YDL066W/YDL049C/YDR261C/YDR516C/YEL070W/YEL040W/YEL011W/YER054C/YFR017C/YFR053C/YGL028C/YGR043C/YGR256W/YGR282C/YGR288W/YGR292W/YHL032C/YHR043C/YIL162W/YIL155C/YIL045W/YIL024C/YJL089W/YJR159W/YKL127W/YKR097W/YLR070C/YLR134W/YLR308W/YMR105C/YMR145C/YMR280C/YNL117W/YNL066W/YNR071C/YNR073C/YOL157C/YOR047C/YOR178C/YPL201C/YPR184W",48
"GO:0006278","RNA-templated DNA biosynthetic process","21/594","76/6447",0.276315789473684,2.99900318979266,5.5842595004254,2.85056532313307e-06,4.02032772400358e-05,3.41739621940424e-05,"YAR009C/YBL100W-B/YBL005W-B/YBR012W-B/YDR098C-B/YDR210C-D/YDR261W-B/YDR261C-D/YDR365W-B/YGR161C-D/YIL009C-A/YJR027W/YLR227W-B/YMR045C/YNL284C-B/YNL054W-B/YOL103W-B/YOR192C-B/YPR158W-B/YPR158C-D/Q0055",21
"GO:0015761","mannose transmembrane transport","9/594","16/6447",0.5625,6.10511363636364,6.51291276479177,2.85446707521212e-06,4.02032772400358e-05,3.41739621940424e-05,"YDR342C/YDR343C/YDR345C/YEL069C/YFL011W/YHR092C/YHR094C/YHR096C/YNR072W",9
"GO:0009073","aromatic amino acid family biosynthetic process","11/594","24/6447",0.458333333333333,4.97453703703704,6.21401531411732,3.02985565319962e-06,4.21654911736947e-05,3.58419014614091e-05,"YBR248C/YCL030C/YDR354W/YER055C/YFR025C/YGL202W/YGL026C/YGR204W/YIL116W/YKL211C/YOR202W",11
"GO:0009072","aromatic amino acid metabolic process","14/594","38/6447",0.368421052631579,3.99867091972355,5.90574351245862,3.26283688318118e-06,4.48736037228094e-05,3.8143876380471e-05,"YBR248C/YCL030C/YDR354W/YER055C/YFR025C/YGL202W/YGL026C/YGR087C/YGR204W/YIL116W/YKL211C/YLR134W/YMR110C/YOR202W",14
"GO:0009141","nucleoside triphosphate metabolic process","20/594","71/6447",0.28169014084507,3.05733390240433,5.55276014161539,3.54703052205018e-06,4.821486837531e-05,4.09840491164672e-05,"YBL099W/YBR039W/YCL040W/YDL004W/YDR298C/YDR322C-A/YDR377W/YDR516C/YFR053C/YHR216W/YJL116C/YJR121W/YKL067W/YKL016C/YLR295C/YML081C-A/YOL077W-A/YPL271W/YPL078C/YPR020W",20
"GO:0009165","nucleotide biosynthetic process","25/594","102/6447",0.245098039215686,2.66018023370965,5.38379633492509,3.65872173357191e-06,4.86027921198359e-05,4.13137956518168e-05,"YBL099W/YBR039W/YDL004W/YDR298C/YDR322C-A/YDR377W/YDR399W/YGL037C/YGR204W/YHR216W/YJL116C/YJL026W/YJR121W/YKL216W/YKL067W/YKL016C/YLR295C/YLR420W/YML081C-A/YMR120C/YOL077W-A/YPL271W/YPL188W/YPL078C/YPR020W",25
"GO:0019693","ribose phosphate metabolic process","25/594","102/6447",0.245098039215686,2.66018023370965,5.38379633492509,3.65872173357191e-06,4.86027921198359e-05,4.13137956518168e-05,"YBL099W/YBR039W/YCL040W/YDL004W/YDR298C/YDR322C-A/YDR377W/YDR399W/YDR516C/YFR053C/YGL248W/YHR216W/YJL116C/YJR121W/YKL216W/YKL067W/YKL016C/YLR295C/YLR420W/YML081C-A/YMR120C/YOL077W-A/YPL271W/YPL078C/YPR020W",25
"GO:0072527","pyrimidine-containing compound metabolic process","15/594","44/6447",0.340909090909091,3.70006887052342,5.72477655342607,4.48065146404199e-06,5.88526018142144e-05,5.0026433850451e-05,"YBR092C/YBR240C/YCR020C/YER037W/YGL224C/YGR144W/YKL216W/YKL067W/YLR420W/YOL055C/YOR143C/YOR303W/YPL258C/YPL214C/YPR121W",15
"GO:0019344","cysteine biosynthetic process","7/594","10/6447",0.7,7.59747474747475,6.65097159490213,5.10549833957218e-06,6.63147506551097e-05,5.63694787433466e-05,"YAL012W/YGR155W/YIL046W/YIR017C/YKL001C/YLR303W/YPR167C",7
"GO:0042723","thiamine-containing compound metabolic process","9/594","17/6447",0.529411764705882,5.74598930481283,6.24158429840367,5.57245691444749e-06,7.15846388240562e-05,6.08490379090622e-05,"YBR092C/YBR240C/YCR020C/YGR144W/YOL055C/YOR143C/YPL258C/YPL214C/YPR121W",9
"GO:0006099","tricarboxylic acid cycle","12/594","30/6447",0.4,4.34141414141414,5.84351314089566,6.12555268743816e-06,7.78344683871218e-05,6.61615759375472e-05,"YDL066W/YDR148C/YDR178W/YFR049W/YGR244C/YIL125W/YKL148C/YKL141W/YKL085W/YLL041C/YMR118C/YNL117W",12
"GO:0072522","purine-containing compound biosynthetic process","23/594","92/6447",0.25,2.71338383838384,5.27278318085053,6.26524810537047e-06,7.87534950019148e-05,6.69427754552317e-05,"YAL054C/YBL099W/YBR039W/YDL004W/YDR298C/YDR322C-A/YDR377W/YDR399W/YGR204W/YHR216W/YJL116C/YJR121W/YKL067W/YKL016C/YLR295C/YML081C-A/YMR120C/YOL077W-A/YOR184W/YPL271W/YPL188W/YPL078C/YPR020W",23
"GO:0006067","ethanol metabolic process","8/594","14/6447",0.571428571428571,6.2020202020202,6.20695201028809,9.01708065599979e-06,0.00011095755038804,9.43171649779922e-05,"YBR145W/YDL085W/YDR216W/YER073W/YGR087C/YLR134W/YMR145C/YPL061W",8
"GO:0006123","mitochondrial electron transport, cytochrome c to oxygen","8/594","14/6447",0.571428571428571,6.2020202020202,6.20695201028809,9.01708065599979e-06,0.00011095755038804,9.43171649779922e-05,"YEL039C/YGL191W/YGL187C/YHR051W/YJR048W/YLR395C/YMR256C/YNL052W",8
"GO:1904659","D-glucose transmembrane transport","7/594","11/6447",0.636363636363636,6.90679522497704,6.2458183747602,1.2924579287005e-05,0.000157383679026134,0.000133780732970754,"YCL040W/YDR277C/YDR342C/YDR345C/YFR053C/YHR094C/YHR096C",7
"GO:0006826","iron ion transport","14/594","43/6447",0.325581395348837,3.53370918487198,5.31024358498846,1.71083226843426e-05,0.000206181744515428,0.000175260516701242,"YBL030C/YBR085W/YEL065W/YER145C/YHL047C/YHL040C/YKL220C/YLR034C/YMR058W/YMR301C/YOL158C/YOR382W/YOR383C/YOR384W",14
"GO:1901678","iron coordination entity transport","9/594","20/6447",0.45,4.88409090909091,5.54178081866247,2.98645087284941e-05,0.000356240925547036,0.000302815212026836,"YBL030C/YBR085W/YEL065W/YHL047C/YHL040C/YMR301C/YOL158C/YOR382W/YOR383C",9
"GO:0006772","thiamine metabolic process","8/594","16/6447",0.5,5.42676767676768,5.64750439704692,3.26827821880493e-05,0.000385920933109391,0.00032804408703369,"YBR240C/YCR020C/YGR144W/YOL055C/YOR143C/YPL258C/YPL214C/YPR121W",8
"GO:1903825","organic acid transmembrane transport","14/594","46/6447",0.304347826086957,3.30324989020641,4.99396129853413,4.03352743012586e-05,0.000471519356581713,0.000400805252004085,"YBR104W/YGR055W/YGR243W/YHL036W/YHR162W/YKL217W/YKL120W/YLL055W/YNR002C/YOR130C/YOR222W/YPL147W/YPL134C/YPL058C",14
"GO:0006766","vitamin metabolic process","16/594","58/6447",0.275862068965517,2.99407871821665,4.85947063673213,4.45506082550439e-05,0.000510584912256336,0.000434012117572357,"YBR092C/YBR240C/YBR256C/YCR020C/YEL029C/YGR144W/YGR267C/YMR020W/YMR095C/YMR096W/YOL143C/YOL055C/YOR143C/YPL258C/YPL214C/YPR121W",16
"GO:0006767","water-soluble vitamin metabolic process","16/594","58/6447",0.275862068965517,2.99407871821665,4.85947063673213,4.45506082550439e-05,0.000510584912256336,0.000434012117572357,"YBR092C/YBR240C/YBR256C/YCR020C/YEL029C/YGR144W/YGR267C/YMR020W/YMR095C/YMR096W/YOL143C/YOL055C/YOR143C/YPL258C/YPL214C/YPR121W",16
"GO:0072348","sulfur compound transport","10/594","26/6447",0.384615384615385,4.17443667443667,5.16655572561921,5.55159093886882e-05,0.000630078622091035,0.000535585267888827,"YBR294W/YGR055W/YHL036W/YKL120W/YLL061W/YLL055W/YLR092W/YLR237W/YOR192C/YPL274W",10
"GO:0006116","NADH oxidation","7/594","13/6447",0.538461538461538,5.84421134421134,5.56933499259604,5.69716653197423e-05,0.000640383430372872,0.000544344656496323,"YBR145W/YDL085W/YIL155C/YML120C/YMR145C/YOR222W/YPL134C",7
"GO:0071897","DNA biosynthetic process","23/594","105/6447",0.219047619047619,2.37744107744108,4.53318738869601,6.20341156059016e-05,0.000688441719481394,0.000585195608653763,"YAR009C/YBL100W-B/YBL005W-B/YBR012W-B/YDL059C/YDR098C-B/YDR210C-D/YDR261W-B/YDR261C-D/YDR365W-B/YGL037C/YGR161C-D/YIL009C-A/YJR027W/YLR227W-B/YMR045C/YNL284C-B/YNL054W-B/YOL103W-B/YOR192C-B/YPR158W-B/YPR158C-D/Q0055",23
"GO:0009064","glutamine family amino acid metabolic process","13/594","42/6447",0.30952380952381,3.35942760942761,4.88675815399326,6.24249976604173e-05,0.000688441719481394,0.000585195608653763,"YAL062W/YDL066W/YER069W/YHR018C/YHR033W/YJL088W/YJL071W/YJR109C/YMR062C/YOL140W/YOL058W/YOR130C/YOR303W",13
"GO:0006730","one-carbon metabolic process","8/594","18/6447",0.444444444444444,4.82379349046016,5.17497290449216,9.40140489635722e-05,0.00101761502998533,0.000865002555766201,"YAL044C/YDR019C/YDR502C/YGL125W/YGR204W/YLR058C/YLR180W/YMR189W",8
"GO:0034755","iron ion transmembrane transport","8/594","18/6447",0.444444444444444,4.82379349046016,5.17497290449216,9.40140489635722e-05,0.00101761502998533,0.000865002555766201,"YEL065W/YER145C/YHL047C/YHL040C/YLR034C/YMR058W/YMR301C/YOL158C",8
"GO:1905039","carboxylic acid transmembrane transport","13/594","44/6447",0.295454545454545,3.20672635445363,4.67877520892812,0.000106829734396857,0.00114117501508274,0.000970032159054617,"YBR104W/YGR055W/YGR243W/YHL036W/YHR162W/YKL217W/YKL120W/YLL055W/YNR002C/YOR130C/YOR222W/YPL147W/YPL134C",13
"GO:0006006","glucose metabolic process","16/594","62/6447",0.258064516129032,2.80091234929945,4.5389675837208,0.000107381737946194,0.00114117501508274,0.000970032159054617,"YBR105C/YBR145W/YCL040W/YDL085W/YDR516C/YFR053C/YHR043C/YJL089W/YKL127W/YKR097W/YLR134W/YMR105C/YMR145C/YMR280C/YNR071C/YOR047C",16
"GO:1901293","nucleoside phosphate biosynthetic process","26/594","131/6447",0.198473282442748,2.15413678772457,4.2512924592106,0.000122502586208081,0.00128412960141175,0.00109154774096861,"YAL054C/YBL099W/YBR039W/YDL004W/YDR298C/YDR322C-A/YDR377W/YDR399W/YGL037C/YGR204W/YHR216W/YJL116C/YJL026W/YJR121W/YKL216W/YKL067W/YKL016C/YLR295C/YLR420W/YML081C-A/YMR120C/YOL077W-A/YPL271W/YPL188W/YPL078C/YPR020W",26
"GO:0000041","transition metal ion transport","17/594","69/6447",0.246376811594203,2.674059434929,4.45350835932002,0.000123030380973581,0.00128412960141175,0.00109154774096861,"YBL030C/YBR085W/YEL065W/YER145C/YHL047C/YHL040C/YIL121W/YKL220C/YKL175W/YLR034C/YLR130C/YMR058W/YMR301C/YOL158C/YOR382W/YOR383C/YOR384W",17
"GO:0019400","alditol metabolic process","8/594","19/6447",0.421052631578947,4.5699096225412,4.96415346290255,0.000149387634035057,0.00154543490430958,0.00131366489547363,"YDL246C/YEL070W/YHL032C/YIL155C/YJR159W/YLR070C/YNR073C/YPL201C",8
"GO:0042724","thiamine-containing compound biosynthetic process","7/594","15/6447",0.466666666666667,5.06498316498316,5.02088730907793,0.000181189172166357,0.00185465329914149,0.00157650958028866,"YBR240C/YGR144W/YOL055C/YOR143C/YPL258C/YPL214C/YPR121W",7
"GO:0015891","siderophore transport","6/594","11/6447",0.545454545454545,5.92011019283747,5.202502114569,0.00018403745312268,0.00185465329914149,0.00157650958028866,"YEL065W/YHL047C/YHL040C/YOL158C/YOR382W/YOR383C",6
"GO:0050667","homocysteine metabolic process","6/594","11/6447",0.545454545454545,5.92011019283747,5.202502114569,0.00018403745312268,0.00185465329914149,0.00157650958028866,"YAL012W/YGL184C/YGR155W/YHR112C/YJR130C/YLR303W",6
"GO:0009110","vitamin biosynthetic process","14/594","53/6447",0.264150943396226,2.86697160282066,4.34748850230636,0.000220215467161437,0.00218162611111627,0.00185444603925421,"YBR240C/YBR256C/YEL029C/YGR144W/YGR267C/YMR020W/YMR095C/YMR096W/YOL143C/YOL055C/YOR143C/YPL258C/YPL214C/YPR121W",14
"GO:0042364","water-soluble vitamin biosynthetic process","14/594","53/6447",0.264150943396226,2.86697160282066,4.34748850230636,0.000220215467161437,0.00218162611111627,0.00185444603925421,"YBR240C/YBR256C/YEL029C/YGR144W/YGR267C/YMR020W/YMR095C/YMR096W/YOL143C/YOL055C/YOR143C/YPL258C/YPL214C/YPR121W",14
"GO:0019318","hexose metabolic process","18/594","79/6447",0.227848101265823,2.47295742232451,4.19615307207067,0.000228688801770494,0.00224653117033368,0.0019096172390212,"YBR105C/YBR145W/YCL040W/YDL246C/YDL085W/YDR516C/YFR053C/YHR043C/YJL089W/YJR159W/YKL127W/YKR097W/YLR134W/YMR105C/YMR145C/YMR280C/YNR071C/YOR047C",18
"GO:0072524","pyridine-containing compound metabolic process","21/594","101/6447",0.207920792079208,2.25667566756676,4.05492634682977,0.000278276014096551,0.00271087217065723,0.00230432067813284,"YBR117C/YBR145W/YCL040W/YDL085W/YDL066W/YDR516C/YEL029C/YFR053C/YGL037C/YGR043C/YGR256W/YIL155C/YML120C/YMR095C/YMR096W/YMR145C/YOR047C/YOR222W/YPL188W/YPL134C/YPL061W",21
"GO:0044282","small molecule catabolic process","26/594","138/6447",0.188405797101449,2.04486897965159,3.9524849637207,0.000294719832043163,0.00284291354239957,0.00241655970827536,"YAL044C/YDL246C/YDL174C/YDL170W/YDR019C/YDR148C/YDR216W/YER073W/YGL202W/YGR087C/YHL032C/YHR208W/YIL160C/YIL155C/YJL060W/YJR159W/YKL127W/YLR070C/YLR134W/YMR105C/YMR189W/YNR071C/YOL055C/YOR388C/YPL147W/YPL061W",26
"GO:0006553","lysine metabolic process","7/594","16/6447",0.4375,4.74842171717172,4.78209602930206,0.000296694142149485,0.00284291354239957,0.00241655970827536,"YDL182W/YDR148C/YDR158W/YER052C/YGL202W/YIR034C/YNL097C-B",7
"GO:0016052","carbohydrate catabolic process","21/594","102/6447",0.205882352941176,2.2345513963161,4.00352512805891,0.000320899880144841,0.00304985333243349,0.00259246458585135,"YBR299W/YCL040W/YDL246C/YDR261C/YDR516C/YFR017C/YFR053C/YGR292W/YHL032C/YIL162W/YIL155C/YIL024C/YJR159W/YKL127W/YLR070C/YLR308W/YMR105C/YNL066W/YNR071C/YOL157C/YPR184W",21
"GO:0005996","monosaccharide metabolic process","19/594","88/6447",0.215909090909091,2.3433769513315,4.04197783205348,0.000324524029816169,0.0030594241197992,0.00260060003519918,"YBR105C/YBR145W/YCL040W/YDL246C/YDL085W/YDR516C/YFR053C/YHR043C/YJL089W/YJR159W/YKL127W/YKR097W/YLR070C/YLR134W/YMR105C/YMR145C/YMR280C/YNR071C/YOR047C",19
"GO:0051156","glucose 6-phosphate metabolic process","8/594","21/6447",0.380952380952381,4.13468013468013,4.58333529627051,0.000340480245260945,0.0031600430389628,0.00268612906107864,"YBR117C/YCL040W/YDR516C/YFR053C/YGR043C/YGR256W/YKL127W/YMR105C",8
"GO:0072528","pyrimidine-containing compound biosynthetic process","11/594","37/6447",0.297297297297297,3.22672672672673,4.32700981340029,0.000340603441325331,0.0031600430389628,0.00268612906107864,"YBR240C/YGR144W/YKL216W/YKL067W/YLR420W/YOL055C/YOR143C/YOR303W/YPL258C/YPL214C/YPR121W",11
"GO:0019637","organophosphate metabolic process","60/594","423/6447",0.141843971631206,1.53950856078516,3.65658062256882,0.000370655176269953,0.00341177874850059,0.0029001117811756,"YAL054C/YBL099W/YBR039W/YBR117C/YBR145W/YCL040W/YDL085W/YDL066W/YDL004W/YDR148C/YDR298C/YDR322C-A/YDR377W/YDR399W/YDR516C/YEL029C/YER037W/YFR053C/YGL248W/YGL224C/YGL037C/YGR043C/YGR157W/YGR204W/YGR244C/YGR256W/YHL032C/YHR216W/YIL155C/YJL116C/YJL026W/YJR121W/YKL216W/YKL127W/YKL067W/YKL016C/YLR070C/YLR295C/YLR420W/YML120C/YML081C-A/YMR095C/YMR096W/YMR105C/YMR120C/YMR145C/YOL077W-A/YOL064C/YOL055C/YOR143C/YOR222W/YPL271W/YPL258C/YPL214C/YPL188W/YPL134C/YPL078C/YPL061W/YPL057C/YPR020W",60
"GO:0016032","viral process","19/594","90/6447",0.211111111111111,2.29130190796857,3.92981451806438,0.000438909613408027,0.00391668197003041,0.00332929429535699,"YBL100W-B/YBL005W-B/YBR012W-B/YDR098C-B/YDR210C-D/YDR261W-B/YDR261C-D/YDR365W-B/YGR161C-D/YIL009C-A/YJR027W/YLR227W-B/YMR045C/YNL284C-B/YNL054W-B/YOL103W-B/YOR192C-B/YPR158W-B/YPR158C-D",19
"GO:0019080","viral gene expression","19/594","90/6447",0.211111111111111,2.29130190796857,3.92981451806438,0.000438909613408027,0.00391668197003041,0.00332929429535699,"YBL100W-B/YBL005W-B/YBR012W-B/YDR098C-B/YDR210C-D/YDR261W-B/YDR261C-D/YDR365W-B/YGR161C-D/YIL009C-A/YJR027W/YLR227W-B/YMR045C/YNL284C-B/YNL054W-B/YOL103W-B/YOR192C-B/YPR158W-B/YPR158C-D",19
"GO:0019081","viral translation","19/594","90/6447",0.211111111111111,2.29130190796857,3.92981451806438,0.000438909613408027,0.00391668197003041,0.00332929429535699,"YBL100W-B/YBL005W-B/YBR012W-B/YDR098C-B/YDR210C-D/YDR261W-B/YDR261C-D/YDR365W-B/YGR161C-D/YIL009C-A/YJR027W/YLR227W-B/YMR045C/YNL284C-B/YNL054W-B/YOL103W-B/YOR192C-B/YPR158W-B/YPR158C-D",19
"GO:0075523","viral translational frameshifting","19/594","90/6447",0.211111111111111,2.29130190796857,3.92981451806438,0.000438909613408027,0.00391668197003041,0.00332929429535699,"YBL100W-B/YBL005W-B/YBR012W-B/YDR098C-B/YDR210C-D/YDR261W-B/YDR261C-D/YDR365W-B/YGR161C-D/YIL009C-A/YJR027W/YLR227W-B/YMR045C/YNL284C-B/YNL054W-B/YOL103W-B/YOR192C-B/YPR158W-B/YPR158C-D",19
"GO:0006734","NADH metabolic process","7/594","17/6447",0.411764705882353,4.4691027926322,4.56231485774396,0.000464633447285583,0.00411482196876399,0.00349771909280375,"YBR145W/YDL085W/YIL155C/YML120C/YMR145C/YOR222W/YPL134C",7
"GO:0015849","organic acid transport","17/594","78/6447",0.217948717948718,2.36551411551412,3.86506660020833,0.000589466802055155,0.00518110294437952,0.00440408912655375,"YAL067C/YBR104W/YGR055W/YGR243W/YHL036W/YHR162W/YIL121W/YKL217W/YKL120W/YLL055W/YNR002C/YOR049C/YOR130C/YOR222W/YPL147W/YPL134C/YPL058C",17
"GO:0045229","external encapsulating structure organization","38/594","241/6447",0.157676348547718,1.71134582337902,3.58535804863789,0.000622013938351145,0.00538617995505547,0.00457841058716164,"YAL018C/YBL043W/YBR301W/YCL058C/YCR104W/YDL222C/YDL049C/YDR077W/YDR261C/YEL049W/YEL040W/YER124C/YER150W/YGL261C/YGL028C/YGR282C/YGR294W/YHL028W/YHR021W-A/YHR139C/YHR143W/YHR185C/YJL160C/YJL116C/YJR150C/YKL163W/YKL096W-A/YKL096W/YLR037C/YLR308W/YLR461W/YNL194C/YNL066W/YOL161C/YOL109W/YOR092W/YOR255W/YPR030W",38
"GO:0071555","cell wall organization","38/594","241/6447",0.157676348547718,1.71134582337902,3.58535804863789,0.000622013938351145,0.00538617995505547,0.00457841058716164,"YAL018C/YBL043W/YBR301W/YCL058C/YCR104W/YDL222C/YDL049C/YDR077W/YDR261C/YEL049W/YEL040W/YER124C/YER150W/YGL261C/YGL028C/YGR282C/YGR294W/YHL028W/YHR021W-A/YHR139C/YHR143W/YHR185C/YJL160C/YJL116C/YJR150C/YKL163W/YKL096W-A/YKL096W/YLR037C/YLR308W/YLR461W/YNL194C/YNL066W/YOL161C/YOL109W/YOR092W/YOR255W/YPR030W",38
"GO:0032197","retrotransposition","20/594","100/6447",0.2,2.17070707070707,3.75848743963997,0.000656200176123308,0.00564042651388344,0.0047945276026347,"YAR009C/YBL100W-B/YBL005W-B/YBR012W-B/YDR098C-B/YDR170W-A/YDR210C-D/YDR261W-B/YDR261C-D/YDR365W-B/YGR161C-D/YJR027W/YLR227W-B/YMR045C/YNL284C-B/YNL054W-B/YOL103W-B/YOR192C-B/YPR158W-B/YPR158C-D",20
"GO:0005978","glycogen biosynthetic process","8/594","23/6447",0.347826086956522,3.77514273166447,4.24713032439364,0.000694791771327413,0.00592855168380837,0.00503944242899023,"YEL011W/YER054C/YFR017C/YIL045W/YKL127W/YMR105C/YOR178C/YPR184W",8
"GO:0032196","transposition","20/594","102/6447",0.196078431372549,2.12814418696772,3.65845732634237,0.000854055004491225,0.00723471232065392,0.00614971719481095,"YAR009C/YBL100W-B/YBL005W-B/YBR012W-B/YDR098C-B/YDR170W-A/YDR210C-D/YDR261W-B/YDR261C-D/YDR365W-B/YGR161C-D/YJR027W/YLR227W-B/YMR045C/YNL284C-B/YNL054W-B/YOL103W-B/YOR192C-B/YPR158W-B/YPR158C-D",20
"GO:0006113","fermentation","6/594","14/6447",0.428571428571429,4.65151515151515,4.35691874120223,0.000939278934341335,0.00778735513648951,0.00661947976124092,"YAL054C/YBR145W/YDL085W/YGL256W/YLR134W/YMR145C",6
"GO:0009228","thiamine biosynthetic process","6/594","14/6447",0.428571428571429,4.65151515151515,4.35691874120223,0.000939278934341335,0.00778735513648951,0.00661947976124092,"YBR240C/YGR144W/YOL055C/YPL258C/YPL214C/YPR121W",6
"GO:0034309","primary alcohol biosynthetic process","6/594","14/6447",0.428571428571429,4.65151515151515,4.35691874120223,0.000939278934341335,0.00778735513648951,0.00661947976124092,"YBR240C/YGR144W/YOL055C/YPL258C/YPL214C/YPR121W",6
"GO:0006879","intracellular iron ion homeostasis","13/594","54/6447",0.240740740740741,2.61288814066592,3.79138499825221,0.000963323311924858,0.00793045740591661,0.0067411208781102,"YDL198C/YEL065W/YHL047C/YHL040C/YJR005C-A/YKL220C/YLR034C/YLR136C/YMR058W/YMR301C/YOL158C/YOR226C/YOR384W",13
"GO:0015851","nucleobase transport","5/594","10/6447",0.5,5.42676767676768,4.46266294337573,0.00111072498470875,0.0090799825673044,0.00771825090588929,"YBL042C/YBR021W/YER060W-A/YLR237W/YOR192C",5
"GO:0046942","carboxylic acid transport","16/594","76/6447",0.210526315789474,2.2849548112706,3.58954960607112,0.00125789957016337,0.0102116985938957,0.00868024264791099,"YAL067C/YBR104W/YGR055W/YGR243W/YHL036W/YHR162W/YIL121W/YKL217W/YKL120W/YLL055W/YNR002C/YOR049C/YOR130C/YOR222W/YPL147W/YPL134C",16
"GO:0009085","lysine biosynthetic process","6/594","15/6447",0.4,4.34141414141414,4.12716687279793,0.00144467210912466,0.0115672718874433,0.00983251961797893,"YDL182W/YDR158W/YER052C/YGL202W/YIR034C/YNL097C-B",6
"GO:0072530","purine-containing compound transmembrane transport","6/594","15/6447",0.4,4.34141414141414,4.12716687279793,0.00144467210912466,0.0115672718874433,0.00983251961797893,"YBL030C/YBR085W/YDL198C/YER060W-A/YOR222W/YPL134C",6
"GO:0006112","energy reserve metabolic process","11/594","44/6447",0.25,2.71338383838384,3.63277386443017,0.00168438875643018,0.01339490106304,0.0113860579023995,"YEL011W/YER054C/YER067W/YFR017C/YIL057C/YIL045W/YIL024C/YKL127W/YMR105C/YOR178C/YPR184W",11
"GO:0005984","disaccharide metabolic process","8/594","26/6447",0.307692307692308,3.33954933954934,3.80773449757421,0.00172676637420062,0.0136391208881117,0.0115936519007496,"YBR298C/YBR299W/YGR288W/YGR292W/YIL162W/YKL127W/YMR105C/YOL157C",8
"GO:0042407","cristae formation","5/594","11/6447",0.454545454545455,4.93342516069789,4.15918585437782,0.00188296459436381,0.014674570738742,0.012473814575996,"YCL057C-A/YDR322C-A/YKR016W/YLR295C/YPR020W",5
"GO:0046174","polyol catabolic process","5/594","11/6447",0.454545454545455,4.93342516069789,4.15918585437782,0.00188296459436381,0.014674570738742,0.012473814575996,"YDL246C/YHL032C/YIL155C/YJR159W/YLR070C",5
"GO:0031505","fungal-type cell wall organization","30/594","189/6447",0.158730158730159,1.72278338945006,3.21270165511778,0.00204160031056966,0.0158055017420923,0.0134351390252894,"YAL018C/YBR301W/YCR104W/YDL222C/YDL049C/YDR077W/YDR261C/YEL049W/YEL040W/YER150W/YGL261C/YGR282C/YGR294W/YHR139C/YHR185C/YJL160C/YJL116C/YJR150C/YKL163W/YKL096W-A/YKL096W/YLR037C/YLR308W/YLR461W/YNL194C/YNL066W/YOL161C/YOL109W/YOR255W/YPR030W",30
"GO:0019362","pyridine nucleotide metabolic process","17/594","87/6447",0.195402298850575,2.12080575873679,3.35282227554606,0.0021242276464818,0.0163369876232712,0.0138869175781081,"YBR117C/YBR145W/YCL040W/YDL085W/YDL066W/YDR516C/YFR053C/YGL037C/YGR043C/YGR256W/YIL155C/YML120C/YMR145C/YOR222W/YPL188W/YPL134C/YPL061W",17
"GO:0015695","organic cation transport","10/594","39/6447",0.256410256410256,2.78295778295778,3.55763363999563,0.00221097409124167,0.0168929981219706,0.0143595427735269,"YBR104W/YGR055W/YHL036W/YHL016C/YLL055W/YLR237W/YOR049C/YOR130C/YOR192C/YPL274W",10
"GO:0098869","cellular oxidant detoxification","9/594","33/6447",0.272727272727273,2.96005509641873,3.59591885173047,0.00230111244256377,0.0174675353594614,0.0148479162390991,"YBL064C/YDR513W/YGR088W/YGR154C/YHR008C/YIR038C/YJR111C/YKL026C/YLR364W",9
"GO:1902221","erythrose 4-phosphate/phosphoenolpyruvate family amino acid metabolic process","7/594","22/6447",0.318181818181818,3.45339761248852,3.67190827361132,0.00270810974473488,0.0204243889780327,0.0173613283465516,"YDR354W/YGL202W/YGL026C/YGR087C/YKL211C/YLR134W/YMR110C",7
"GO:0033212","iron import into cell","5/594","12/6447",0.416666666666667,4.5223063973064,3.89038507079445,0.00298542697059981,0.0223715649271229,0.0190164848869516,"YEL065W/YHL047C/YHL040C/YMR058W/YOL158C",5
"GO:0009311","oligosaccharide metabolic process","8/594","29/6447",0.275862068965517,2.99407871821665,3.42839262428711,0.00370409988938073,0.0275802087304845,0.0234439845496172,"YBR298C/YBR299W/YGR288W/YGR292W/YIL162W/YKL127W/YMR105C/YOL157C",8
"GO:0003333","amino acid transmembrane transport","11/594","49/6447",0.224489795918367,2.43650793650794,3.21538560337329,0.00419122284970946,0.0309921007686852,0.0263441926303533,"YBR104W/YDR046C/YGR055W/YHL036W/YIL121W/YLL061W/YLL055W/YOR130C/YOR222W/YPL274W/YPL134C",11
"GO:1902475","L-alpha-amino acid transmembrane transport","6/594","18/6447",0.333333333333333,3.61784511784512,3.54288943343938,0.00421534989069372,0.0309921007686852,0.0263441926303533,"YBR104W/YGR055W/YHL036W/YOR130C/YOR222W/YPL134C",6
"GO:0042762","regulation of sulfur metabolic process","5/594","13/6447",0.384615384615385,4.17443667443667,3.6496139405327,0.00448775681942864,0.0327886732619505,0.0278713318259252,"YAL012W/YBR240C/YDR253C/YIR017C/YNL311C",5
"GO:0015718","monocarboxylic acid transport","8/594","30/6447",0.266666666666667,2.89427609427609,3.31273729652146,0.0046522103316367,0.0337790924079708,0.0287132170844396,"YAL067C/YGR243W/YHR162W/YKL217W/YKL120W/YNR002C/YOR049C/YPL147W",8
"GO:0046496","nicotinamide nucleotide metabolic process","16/594","86/6447",0.186046511627907,2.01926239135541,3.03124918240317,0.00472509578504862,0.0340965245229743,0.0289830436717732,"YBR117C/YBR145W/YCL040W/YDL085W/YDL066W/YDR516C/YFR053C/YGR043C/YGR256W/YIL155C/YML120C/YMR145C/YOR222W/YPL188W/YPL134C/YPL061W",16
"GO:0071554","cell wall organization or biogenesis","39/594","278/6447",0.140287769784173,1.52261826902115,2.83758389786669,0.00475521318696177,0.0341033387457565,0.0289888359605548,"YAL018C/YBL043W/YBR301W/YCL058C/YCR104W/YDL222C/YDL049C/YDR077W/YDR261C/YEL049W/YEL040W/YER124C/YER150W/YGL261C/YGL028C/YGR282C/YGR294W/YHL028W/YHR021W-A/YHR139C/YHR143W/YHR185C/YIL119C/YJL160C/YJL116C/YJR150C/YKL163W/YKL096W-A/YKL096W/YLR037C/YLR308W/YLR461W/YNL194C/YNL066W/YOL161C/YOL109W/YOR092W/YOR255W/YPR030W",39
"GO:1990748","cellular detoxification","9/594","37/6447",0.243243243243243,2.64004914004914,3.18696885355265,0.00532126663566235,0.0379302481529834,0.0322418209503547,"YBL064C/YDR513W/YGR088W/YGR154C/YHR008C/YIR038C/YJR111C/YKL026C/YLR364W",9
"GO:0071852","fungal-type cell wall organization or biogenesis","31/594","210/6447",0.147619047619048,1.60218855218855,2.82620318528434,0.00537890560246589,0.0381087312077735,0.0323935367701933,"YAL018C/YBR301W/YCR104W/YDL222C/YDL049C/YDR077W/YDR261C/YEL049W/YEL040W/YER150W/YGL261C/YGR282C/YGR294W/YHR139C/YHR185C/YIL119C/YJL160C/YJL116C/YJR150C/YKL163W/YKL096W-A/YKL096W/YLR037C/YLR308W/YLR461W/YNL194C/YNL066W/YOL161C/YOL109W/YOR255W/YPR030W",31
"GO:0015711","organic anion transport","20/594","120/6447",0.166666666666667,1.80892255892256,2.8493628904758,0.00627711615606656,0.0442045107616976,0.0375751277826685,"YAL067C/YBL030C/YBR085W/YBR104W/YGR055W/YGR243W/YHL036W/YHR162W/YIL121W/YKL217W/YKL120W/YLL055W/YNR002C/YOL158C/YOL119C/YOR049C/YOR130C/YOR222W/YPL147W/YPL134C",20
"GO:0097237","cellular response to toxic substance","9/594","38/6447",0.236842105263158,2.57057416267943,3.09317308247157,0.00641766514361456,0.0444160410036235,0.0377549346786913,"YBL064C/YDR513W/YGR088W/YGR154C/YHR008C/YIR038C/YJR111C/YKL026C/YLR364W",9
"GO:0000023","maltose metabolic process","5/594","14/6447",0.357142857142857,3.87626262626263,3.43190210665929,0.00645913342225491,0.0444160410036235,0.0377549346786913,"YBR298C/YBR299W/YGR288W/YGR292W/YOL157C",5
"GO:0006206","pyrimidine nucleobase metabolic process","5/594","14/6447",0.357142857142857,3.87626262626263,3.43190210665929,0.00645913342225491,0.0444160410036235,0.0377549346786913,"YER037W/YGL224C/YKL216W/YLR420W/YOR303W",5
"GO:1901679","nucleotide transmembrane transport","5/594","14/6447",0.357142857142857,3.87626262626263,3.43190210665929,0.00645913342225491,0.0444160410036235,0.0377549346786913,"YBL030C/YBR085W/YDL198C/YOR222W/YPL134C",5
"GO:0006865","amino acid transport","12/594","59/6447",0.203389830508475,2.20749871597329,2.96810554802746,0.00661415546504076,0.0452160686469745,0.0384349815881716,"YBR104W/YDR046C/YGR055W/YGR142W/YHL036W/YIL121W/YLL061W/YLL055W/YOR130C/YOR222W/YPL274W/YPL134C",12
"GO:0006796","phosphate-containing compound metabolic process","61/594","487/6447",0.125256673511294,1.35947773422106,2.62822448800265,0.00698174808814742,0.0474515320642112,0.040335190913165,"YAL054C/YBL099W/YBR039W/YBR092C/YBR117C/YBR145W/YCL040W/YDL085W/YDL066W/YDL004W/YDR148C/YDR298C/YDR322C-A/YDR377W/YDR399W/YDR516C/YEL029C/YER037W/YFR053C/YGL248W/YGL224C/YGL037C/YGR043C/YGR157W/YGR204W/YGR244C/YGR256W/YHL032C/YHR216W/YIL155C/YJL116C/YJL026W/YJR121W/YKL216W/YKL127W/YKL067W/YKL016C/YLR070C/YLR295C/YLR420W/YML120C/YML081C-A/YMR095C/YMR096W/YMR105C/YMR120C/YMR145C/YOL077W-A/YOL064C/YOL055C/YOR143C/YOR222W/YPL271W/YPL258C/YPL214C/YPL188W/YPL134C/YPL078C/YPL061W/YPL057C/YPR020W",61
