"","baseMean","log2FoldChange","lfcSE","stat","pvalue","padj","regulation"
"YAL067C",2109.90392461918,-1.55168266505,0.104235691262301,-14.8862893914649,4.04610207793218e-50,4.70480451566552e-49,"Down"
"YAL062W",11958.8603480201,1.28964477038669,0.0446605967236614,28.8765682726184,2.35127306362339e-183,9.7670645550777e-182,"Up"
"YAL054C",2844.27246909058,1.58482703170363,0.072719344834293,21.7937473902577,2.65969965764484e-105,5.69265886046425e-104,"Up"
"YAL044C",14312.1001759638,-1.33724100860445,0.0541853888801238,-24.6789962431178,1.79785734011812e-134,4.95706167926019e-133,"Down"
"YAL039C",7435.77445472862,1.87820846163308,0.0677407327981968,27.7264266867081,3.35361331007725e-169,1.24557143763693e-167,"Up"
"YNCA0001W",40.3646020064168,-1.51815593756037,0.292290687853911,-5.19399351620518,2.05830312024446e-07,5.22982933650847e-07,"Down"
"YAL018C",642.264011888652,1.00509622956996,0.139733224368396,7.19296526730174,6.33990749310832e-13,2.27573484431415e-12,"Up"
"YAL012W",18419.4378288739,-2.80325376508927,0.0690020649512654,-40.6256503637846,0,0,"Down"
"YAR009C",117.959549060085,-1.9353492527847,0.188059909135359,-10.2911314893367,7.72630501795654e-25,4.75476509584577e-24,"Down"
"YNCA0004W",10.2007162459214,-2.7177958548871,0.67826473130932,-4.00698389497664,6.14990547827926e-05,0.000123349756003352,"Down"
"YAR020C",1084.2406755009,1.86451252157564,0.0780833997671327,23.8784751577948,5.12647761483369e-126,1.30518466371209e-124,"Up"
"YBL100W-B",492.931422036092,-1.23738691676857,0.106841536182083,-11.58151558828,5.11339341259167e-31,3.92296063269791e-30,"Down"
"YBL099W",22375.2430769462,1.75084372663511,0.0510642779826808,34.2870553702715,1.22369852394018e-257,7.88411477567173e-256,"Up"
"YBL075C",7862.42909914687,2.50902427442849,0.0535653805334572,46.8404079172244,0,0,"Up"
"YBL064C",15613.4623158621,1.49021614034471,0.0579190745946895,25.7292809108754,5.49890801569804e-146,1.71881708965928e-144,"Up"
"YBL045C",11957.6224344904,1.93377299067484,0.0574956267441025,33.6333926627418,5.45405427802654e-248,3.24876402938298e-246,"Up"
"YBL043W",2104.58854384712,1.0833951518065,0.10088536834281,10.7388729367088,6.68555461082293e-27,4.41732894403199e-26,"Up"
"YBL042C",5584.27066596914,1.19772919126652,0.0675903552527554,17.7204156833855,2.9174855777263e-70,4.43879612958165e-69,"Up"
"YBL030C",7584.32427024066,2.39586339816569,0.0702720149448504,34.0941326365263,9.011337411327e-255,5.57819455050183e-253,"Up"
"YBL015W",7651.54639129061,1.39539766025579,0.0506856494040519,27.5304287636146,7.59172061718331e-167,2.73909279867974e-165,"Up"
"YBL005W-B",417.326188063664,-1.45993270183918,0.128928638941235,-11.3235718132773,1.00300259907969e-29,7.32981297521896e-29,"Down"
"YBR012W-B",270.239757108588,-1.16526812659306,0.117220171064602,-9.94084990671839,2.76458226556594e-23,1.58976069442471e-22,"Down"
"YBR021W",2299.56933030437,1.26169309566832,0.0563332423619442,22.396955026339,4.21415055827168e-111,9.60582910647198e-110,"Up"
"YNCB0009C",28.5572926720504,-1.27645041879143,0.340767674134887,-3.74580840753741,0.000179813789567848,0.000342486958471008,"Down"
"YBR039W",15794.2477219986,2.04316113928783,0.0515820272795945,39.6099425913042,0,0,"Up"
"YBR047W",1735.86475061688,-1.59960356539805,0.0704657869167758,-22.7004286106572,4.43649492473632e-114,1.03365420497362e-112,"Down"
"YBR050C",2530.68545695729,4.22151846181146,0.074960486352431,56.3165831390655,0,0,"Up"
"YBR056W-A",665.886649578019,1.03403887011185,0.101036665350545,10.2342933283108,1.39207742702003e-24,8.46780045684437e-24,"Up"
"YBR072W",97484.2539055151,1.86012793225601,0.0933103164996177,19.9348582454292,2.02879008882796e-88,3.72377343629644e-87,"Up"
"YBR085W",2627.19017084199,-1.16353771281879,0.0920815380040949,-12.6359500290606,1.33768650737451e-36,1.14757508254928e-35,"Down"
"YBR092C",18891.6570927541,-3.24614955048014,0.0780007932306858,-41.6168787012168,0,0,"Down"
"YBR104W",4071.18334845474,-1.43380029802784,0.0532178255062412,-26.9421060403847,7.05842053830108e-160,2.38325493469695e-158,"Down"
"YBR105C",14536.0256592202,1.2969488812515,0.07353224718459,17.6378246403341,1.26227579262752e-69,1.90215020397378e-68,"Up"
"YBR117C",4105.39458226216,1.51961010264892,0.0567709087943759,26.7674084301335,7.74463554037359e-158,2.5736646737852e-156,"Up"
"YBR145W",8917.35515431914,-1.33896031464491,0.0655924672243279,-20.4133244457117,1.27322918271488e-92,2.45096617672614e-91,"Down"
"YBR158W",9655.36938971747,-1.67097216749352,0.0511652365582572,-32.6583492991562,6.09942797063111e-234,3.37822703566358e-232,"Down"
"YBR183W",431.596464252638,1.10960947299331,0.101924815459051,10.8865487565106,1.33607959976035e-27,9.15961627892169e-27,"Up"
"YBR201C-A",9461.24141625209,1.48937085524813,0.0642297178323925,23.1881892916709,5.99112436884247e-119,1.46053896775565e-117,"Up"
"YBR203W",2457.27144140104,1.16464331255026,0.0538825495031351,21.6144804447774,1.31271584415541e-103,2.77206951170478e-102,"Up"
"YBR213W",2060.39235034342,-3.3144387588095,0.0818632789977969,-40.4874908431007,0,0,"Down"
"YBR230C",3735.65165518653,1.85937077823034,0.0922064192089491,20.1653072983652,1.97516095128963e-90,3.66799007248314e-89,"Up"
"YNCB0019C",1890.89435433336,2.67116655236364,0.103725582859095,25.7522443232955,3.04214954141622e-146,9.55628467885673e-145,"Up"
"YBR240C",6992.19965838125,-2.49740897211952,0.0905811139445117,-27.5709677587912,2.48112740586563e-167,9.00335542565264e-166,"Down"
"YBR248C",9481.80579495282,-1.07899108254445,0.0510634354236689,-21.1304052222916,4.17945204372655e-99,8.45803211669532e-98,"Down"
"YBR255C-A",2120.88851532668,1.19697733894635,0.0556139470991332,21.5229704306496,9.48846832823885e-103,1.98378109352649e-101,"Up"
"YBR256C",11509.3537071146,-1.62131514671529,0.0570894359765651,-28.3995649804778,2.04728533385756e-177,7.97935777652879e-176,"Down"
"YBR269C",2735.98333671957,1.0758821858269,0.0727462379254573,14.7895233692958,1.71161552381377e-49,1.97210591557666e-48,"Up"
"YBR294W",5289.18574500128,-1.34739686821257,0.092614210238794,-14.5484895324214,5.97068733779763e-48,6.68420564731458e-47,"Down"
"YBR296C",932.998239283089,1.24231480298982,0.0711438556395552,17.4620111859541,2.78931722577299e-68,4.13421337172081e-67,"Up"
"YBR296C-A",62.0772776812406,1.93193970768937,0.242083217639235,7.98047764950172,1.45768095095999e-15,6.05911621090281e-15,"Up"
"YBR298C",4082.19755612027,1.47055674307286,0.0539621313100776,27.2516430943533,1.58898793618793e-163,5.51256584015966e-162,"Up"
"YBR299W",131.608428350521,1.8970294171299,0.168488176036236,11.2591248938555,2.08822026478782e-29,1.50685974307089e-28,"Up"
"YBR301W",993.544784243655,2.29801027872317,0.227901815221895,10.0833346872895,6.54658219507834e-24,3.87759099246948e-23,"Up"
"YCL058C",267.553669177748,1.31214652252114,0.13599199383405,9.64870420329558,4.9780759864954e-22,2.73080554115829e-21,"Up"
"YCL057C-A",5639.99167773549,1.29242724488694,0.0752716765990733,17.1701668314221,4.44141587246704e-66,6.44668961350733e-65,"Up"
"YCL055W",1558.877953759,-1.28847893570044,0.0579640628036659,-22.2289272590283,1.80393813826751e-109,4.03903028546846e-108,"Down"
"YCL048W-A",2047.85688546336,1.11813730067085,0.102342689557607,10.9254242340531,8.7132275184119e-28,6.0323814200935e-27,"Up"
"YCL040W",48196.5620560497,1.51483176900997,0.0595189131941988,25.4512672983017,6.83509255579725e-143,2.05508449510971e-141,"Up"
"YCL030C",47032.5853705808,-1.26259769004801,0.0560971643190035,-22.5073353595574,3.5178884022303e-112,8.07707177152078e-111,"Down"
"YCL027W",1368.31943344066,-1.38810635502288,0.0611133628554766,-22.7136307047206,3.28545488440935e-114,7.68309708894839e-113,"Down"
"YCL026C-B",790.461812005797,-1.08853310969204,0.0773066846400968,-14.0807113221804,4.99049271317228e-45,5.27805209228974e-44,"Down"
"YCL012C",1067.54733292923,1.07721026779261,0.0788111502883305,13.6682469910874,1.5713519007528e-42,1.5849066935069e-41,"Up"
"YNCC0004C",106.919577073832,-1.63059644186343,0.177530715182756,-9.18486944743531,4.12026805726757e-20,2.10140327250303e-19,"Down"
"YCR020C",5713.88517888157,-3.02377120337291,0.103116419083591,-29.3238577352234,5.1495738521449e-189,2.27373491625475e-187,"Down"
"YCR021C",11029.8394546157,2.90271123123274,0.183801382372123,15.7926517949464,3.49570006915571e-56,4.47704872954343e-55,"Up"
"YCR083W",2128.28917971172,1.42174824770018,0.066397885120263,21.4125532029378,1.02064939465785e-101,2.09914667031586e-100,"Up"
"YCR099C",400.3799103172,-1.33532591247231,0.0983924857152571,-13.5714216666573,5.91632641373886e-42,5.85512303704501e-41,"Down"
"YCR100C",644.558487927063,-1.5404782990571,0.0844968827969848,-18.231184962862,2.91926837290108e-74,4.63122123278829e-73,"Down"
"YCR101C",345.898683813708,-1.36788738186021,0.104153957486598,-13.1333212378053,2.12144060274229e-39,1.97272105533355e-38,"Down"
"YCR102C",629.136715764252,-1.05865056945897,0.107565900039461,-9.84187896973476,7.43098345540058e-23,4.21178003028719e-22,"Down"
"YCR104W",127.082177420641,-1.00432705274618,0.168259498345485,-5.96891743183504,2.3883292963411e-09,7.01717597817484e-09,"Down"
"YDL246C",45.8518651435776,1.74919254267341,0.268138351752974,6.523470183351,6.86990742192279e-11,2.20633751078436e-10,"Up"
"YDL223C",7499.67787599871,2.32669536783897,0.0869448146950513,26.7605995366093,9.29509989451156e-158,3.05673232989302e-156,"Up"
"YDL222C",2406.0122516005,1.95282090140998,0.0649739956979847,30.0554226415007,1.85464798385612e-198,8.54762581756754e-197,"Up"
"YDL218W",841.153263100198,2.12361347279769,0.111621871189803,19.0250660570515,1.05754005921139e-80,1.77587976964381e-79,"Up"
"YDL204W",4196.79473848892,3.05544591394415,0.0615974123465097,49.6034784181528,0,0,"Up"
"YDL198C",6256.52394548169,-1.45452021974651,0.061183055260283,-23.7732524725797,6.31707306722224e-125,1.58277775184291e-123,"Down"
"YDL182W",15772.6811261361,-1.54757497946633,0.0612071432944019,-25.284221680182,4.76374946379362e-141,1.41212742321094e-139,"Down"
"YDL181W",4265.43381834565,2.16481529894467,0.0866598173942393,24.9806122841954,9.93198446697261e-138,2.83758144454593e-136,"Up"
"YDL174C",6029.81164196917,1.7207953534315,0.0718366582390742,23.9542789936671,8.33857398293736e-127,2.14023398895392e-125,"Up"
"YDL170W",7333.0729124043,-1.69712932169865,0.0507467142062435,-33.4431371221637,3.23849086118469e-245,1.89331771273335e-243,"Down"
"YDL130W-A",7004.58258092408,1.78557944287123,0.0706038710413101,25.290106853015,4.10408868557191e-141,1.22232150758024e-139,"Up"
"YDL085C-A",1500.60744295904,-1.03579415627843,0.0903887277522008,-11.4593288570013,2.11144589015037e-30,1.58333365206763e-29,"Down"
"YDL085W",2464.61544738093,1.64861102494876,0.0664619052882527,24.8053530484651,7.84858474694479e-136,2.23225063478421e-134,"Up"
"YDL079C",4382.02586496991,1.30604457157818,0.0655380148229017,19.9280459609191,2.32462423973754e-88,4.25439926078343e-87,"Up"
"YDL066W",12978.4094827022,-1.43389975376044,0.0613467324299045,-23.3736940333184,7.91520203748207e-121,1.95221037752585e-119,"Down"
"YDL059C",2379.85022741111,-3.18033412190153,0.0843600836429275,-37.6995136155032,5.05895318702767e-311,4.25896405638569e-309,"Down"
"YDL054C",3339.2094446693,-1.22394010759694,0.0510029913413225,-23.9974181005598,2.958855255697e-127,7.62539268753912e-126,"Down"
"YDL049C",3084.09783350503,3.18528872518783,0.0680373686136521,46.8167536471816,0,0,"Up"
"YDL048C",5699.90703424631,2.04728840314257,0.0579569102891678,35.3243192731965,2.48631454852589e-273,1.70636848471657e-271,"Up"
"YDL004W",7801.91603652454,1.958475710672,0.0616786216095646,31.7529098342934,2.89475067396668e-221,1.48597201263623e-219,"Up"
"YDR019C",13155.5628993914,-2.43317822826303,0.0592800411616749,-41.0454881707488,0,0,"Down"
"YDR034W-B",308.091420437234,1.50921406022988,0.113288725825354,13.3218380667154,1.72800147164396e-40,1.66320141645731e-39,"Up"
"YDR046C",11208.9652828017,-1.01352781101028,0.0515391044168236,-19.6652196905355,4.28308263214658e-86,7.55401780429428e-85,"Down"
"YDR059C",2365.21215626384,1.05175994957461,0.0553947421167248,18.9866386119895,2.19965975361083e-80,3.67424647732771e-79,"Up"
"YDR070C",10923.0271605332,1.99317148433092,0.0622242070682022,32.0320913394084,3.89894609608627e-225,2.03454096286684e-223,"Up"
"YDR077W",187538.75786836,1.23446699655679,0.0480648854767714,25.6833441775988,1.79429121007131e-145,5.55350720607365e-144,"Up"
"YDR098C-B",62.0314414740803,-1.52960566999651,0.231422642287836,-6.60957655169297,3.85420877238949e-11,1.25699763372248e-10,"Down"
"YDR119W-A",3444.07483279259,3.9861029296866,0.0749606077381537,53.1759686849196,0,0,"Up"
"YDR126W",1894.09042174274,-1.24400955658618,0.0555173349358206,-22.4075877926108,3.31937718668582e-111,7.59367665099068e-110,"Down"
"YDR148C",9571.19331304223,1.55070954217326,0.0549896748730357,28.2000129252201,5.84542580497901e-175,2.23684960803864e-173,"Up"
"YDR150W",5415.62898095437,1.20452532238519,0.0674051280839946,17.8699359622048,2.02226362734225e-71,3.10670864794135e-70,"Up"
"YDR155C",98725.0240891387,1.01040595667597,0.0474724995562825,21.2840268812483,1.59626339519925e-100,3.25122808944776e-99,"Up"
"YDR158W",21079.4916924971,-1.18776810215416,0.0431962940340162,-27.4969908580309,1.9072952274825e-166,6.76554048669915e-165,"Down"
"YDR170W-A",991.028215491425,-1.67874852041622,0.0721265213304781,-23.2750518040976,7.93419590431185e-120,1.94172530774516e-118,"Down"
"YDR171W",9934.05423292981,1.08907768741814,0.0887727627666934,12.2681513279065,1.34284359015432e-34,1.12300853354098e-33,"Up"
"YDR178W",7520.44194538898,1.96179908578421,0.0665562829711441,29.4757909878285,5.88329664100964e-191,2.65336678509535e-189,"Up"
"YDR210C-D",135.561347920473,-1.73356037064574,0.16264421030446,-10.6586048614987,1.58964091985068e-26,1.03580936717618e-25,"Down"
"YDR216W",3240.89163918343,1.43255272183634,0.0655783742471146,21.844895337572,8.69241134226848e-106,1.8731701438595e-104,"Up"
"YDR218C",1316.7248160004,1.21476358852136,0.0722359427096807,16.8166087816358,1.84417435224603e-63,2.58184409314444e-62,"Up"
"YDR247W",2194.09609254431,1.62029989192269,0.0660758663478031,24.5218107832885,8.6469344560169e-133,2.34320790366055e-131,"Up"
"YDR253C",2715.05034853146,-2.98975775021756,0.0962452555903733,-31.063949405903,7.39415941649138e-212,3.64740019966614e-210,"Down"
"YDR261C",2834.01939193054,-1.15857821889529,0.0548486725055052,-21.1231770245488,4.87065969971438e-99,9.82534995015865e-98,"Down"
"YDR261W-B",185.469109510609,-1.04612610055966,0.143324733829238,-7.29899210422431,2.89931331818121e-13,1.06493684066295e-12,"Down"
"YDR261C-D",112.519847822208,-2.19418943622953,0.191336914461253,-11.4676744025465,1.91743137354586e-30,1.43955549257652e-29,"Down"
"YNCD0020W",21.8570934163535,-1.45784185007971,0.388816098298309,-3.74943798999088,0.000177231312914076,0.000337975992068704,"Down"
"YDR277C",8555.50226484286,1.87949755958073,0.0547415615829301,34.3340143253569,2.4397845780481e-258,1.588123693381e-256,"Up"
"YDR298C",8898.57735085368,1.64089521339871,0.0583063282406528,28.142660718166,2.94701687184147e-174,1.12093159812091e-172,"Up"
"YDR309C",3371.04332066947,-1.14735676620316,0.0563518227735279,-20.3605972217486,3.7399723219025e-92,7.17756390288522e-91,"Down"
"YNCD0023C",26.4536491896596,-2.71843666337887,0.426637548466614,-6.37177077626959,1.86858026238745e-10,5.84938808959562e-10,"Down"
"YDR322C-A",3050.31663577418,1.77329443811611,0.079178328581587,22.3962095422218,4.28524400079445e-111,9.73274482770365e-110,"Up"
"YDR342C",2750.07896579912,4.38891610708892,0.261044552856698,16.8129005530264,1.96325464096341e-63,2.74247562014224e-62,"Up"
"YDR343C",8653.79097248271,4.17503275066297,0.085911688374634,48.5967954960559,0,0,"Up"
"YDR344C",89.5492761107373,-1.29921081977667,0.184441650730106,-7.04402077640156,1.86770277224529e-12,6.57339760532708e-12,"Down"
"YDR345C",47662.6620286045,-5.28191399699473,0.0586187412864769,-90.1062336221342,0,0,"Down"
"YDR354W",11672.0766824293,-1.70945427906091,0.0601442015021312,-28.4225949695306,1.06332333430767e-177,4.17007672845879e-176,"Down"
"YDR365W-B",50.8564394699852,-1.78263583119364,0.270401685493102,-6.59254703957501,4.32344132082783e-11,1.40495154398903e-10,"Down"
"YDR377W",7866.68665151607,1.79099843625226,0.0611395669453593,29.293606836517,1.25103864187415e-188,5.44762619640922e-187,"Up"
"YDR399W",12817.1789117339,1.21797515106664,0.0584797180065308,20.8273088958914,2.44836977160841e-96,4.84608361690768e-95,"Up"
"YDR461C-A",2064.54524450282,1.33555768115593,0.0705682398275908,18.925761566661,6.99708737634378e-80,1.16568891013812e-78,"Up"
"YDR502C",20409.0804223782,-3.12903893517595,0.0969552654926375,-32.2730170380851,1.67297949987637e-228,8.95185810357577e-227,"Down"
"YDR513W",3639.6182027805,1.00097933032753,0.0625523145475289,16.0022748569432,1.23190287882387e-57,1.60375974781318e-56,"Up"
"YDR516C",10229.035383231,1.64546073312837,0.0608119080126383,27.0581994037483,3.05866895243226e-161,1.04958890030746e-159,"Up"
"YDR529C",8772.13416567174,2.4626520418648,0.0726761677111894,33.885276555187,1.09771829341471e-251,6.66441663905817e-250,"Up"
"YDR536W",2188.78083902692,1.97806666061451,0.0622998260762855,31.7507573487025,3.0997206846654e-221,1.57835777443365e-219,"Up"
"YDR541C",4695.16996312854,-1.27112744784966,0.0521873672538802,-24.3569950878323,4.88785397174191e-131,1.29129330450119e-129,"Down"
"YEL073C",1828.97941746436,-2.06325184607333,0.084216178682393,-24.4994712222046,1.4964342966533e-132,4.03781459361921e-131,"Down"
"YEL072W",2552.54056990942,-2.70933647935378,0.0922969506922198,-29.3545611099172,2.0897765471889e-189,9.29214726686668e-188,"Down"
"YEL071W",105556.949399428,-1.62389052630356,0.0456230576730938,-35.5936364006846,1.75742321376451e-277,1.26095115587604e-275,"Down"
"YEL070W",17520.7172249397,6.56350721927599,0.108884472265303,60.279552104396,0,0,"Up"
"YEL069C",1576.77061020829,4.26629222787788,0.12143964551528,35.1309674017542,2.2701748248599e-270,1.54127783270596e-268,"Up"
"YEL065W",10219.7648063127,-1.85267518732138,0.083199884856584,-22.2677614339843,7.58993192042081e-110,1.70543879521484e-108,"Down"
"YEL049W",1988.9892491637,1.60714361891876,0.193604994741218,8.30114750431384,1.03110578682508e-16,4.53055110508947e-16,"Up"
"YEL040W",4495.32249419527,-1.06283279780459,0.0682297760130558,-15.5772576125887,1.03918294469103e-54,1.30445350154656e-53,"Down"
"YEL039C",2582.89358596624,1.72049545470254,0.0827137618564576,20.8005949202057,4.2747405734327e-96,8.43459749395439e-95,"Up"
"YEL034W",8090.10223360789,1.48079059857721,0.09970535343544,14.8516659091534,6.78610895139449e-50,7.87637719101191e-49,"Up"
"YEL033W",1103.19523217985,1.51928934809796,0.105235415477059,14.4370537352908,3.02499090464286e-47,3.35084080209035e-46,"Up"
"YEL029C",2913.90753464901,-1.1493245100138,0.0518757407048765,-22.1553368568242,9.26647254065743e-109,2.04575201474514e-107,"Down"
"YEL026W",5839.73230331891,1.03019325621283,0.0774781391275593,13.2965668485755,2.42342832605635e-40,2.3254599469179e-39,"Up"
"YEL024W",3152.72409096368,2.33246869714915,0.0638161850409498,36.5497983881744,1.79634106289812e-292,1.38318261843155e-290,"Up"
"YNCE0007C",176.321482778897,2.14665983096971,0.175462727369475,12.2342782604163,2.03909254328092e-34,1.69852642721315e-33,"Up"
"YEL017C-A",2539.83551606282,-1.50512216808751,0.0637519655111286,-23.6090315964419,3.11295731669829e-123,7.7688586947166e-122,"Down"
"YEL011W",13615.581086574,1.35498336966935,0.0670727490733797,20.2016972375317,9.45897808529111e-91,1.76176954662325e-89,"Up"
"YER024W",11364.2109872792,-1.1592557241104,0.0648266232367233,-17.8824018008345,1.61717857208122e-71,2.49045500100509e-70,"Down"
"YER028C",918.204394439338,-1.63583940755429,0.0719581655134037,-22.7332005462199,2.10423831933869e-114,4.95752266727779e-113,"Down"
"YER037W",3797.33333408708,-1.08362383948269,0.0521932989274387,-20.7617426326929,9.60208624361027e-96,1.88870942498926e-94,"Down"
"YER042W",2384.88385197374,-1.01552943945608,0.0668103091228791,-15.2001907009336,3.52593113262988e-52,4.25673597923997e-51,"Down"
"YER052C",22974.2999789206,-1.90911779405364,0.0504339769105145,-37.8538023571095,1.48251238885374e-313,1.28227167441384e-311,"Down"
"YER053C-A",245.11029478322,2.89567689888824,0.202421153701618,14.3052089464753,2.03027112745714e-46,2.21784288905958e-45,"Up"
"YER054C",3051.29023321534,2.17501667733557,0.0720277237292475,30.196937577973,2.59834190471149e-200,1.2152541323221e-198,"Up"
"YER055C",17075.929013423,-1.6600363585938,0.04676809090143,-35.495063548618,5.85760241926898e-276,4.15560692980498e-274,"Down"
"YER060W-A",1221.8365596522,-2.04892233576633,0.0843816807308564,-24.2816013857507,3.06724555485286e-130,8.00272249311609e-129,"Down"
"YER067W",5928.78711867795,2.02292981919707,0.190671118042703,10.6095240850479,2.69116314136359e-26,1.74635190899997e-25,"Up"
"YER069W",21584.5311716596,-2.08396974646637,0.0474211843571724,-43.9459658107669,0,0,"Down"
"YER073W",14858.4546933521,-1.1004167222841,0.0613219323633347,-17.9449126906844,5.25931765384834e-72,8.11915199667442e-71,"Down"
"YNCE0016C",82.6472444785093,3.64625260706963,0.285381693843694,12.7767571842457,2.21097300517196e-37,1.95519377516187e-36,"Up"
"YER084W",741.370324137877,1.08031214811064,0.0766301310188974,14.0977463270189,3.92092411453002e-45,4.17482543999031e-44,"Up"
"YER085C",463.38977206374,1.60974153672031,0.110040089660798,14.6286825254541,1.84321840574153e-48,2.07452424489341e-47,"Up"
"YER091C",106861.998563784,-3.54492729479748,0.0638970287389984,-55.4787501822272,0,0,"Down"
"YER092W",2932.97071850391,-1.54583583896952,0.0691926734727269,-22.3410335427901,1.47588876110751e-110,3.34005793463542e-109,"Down"
"YER121W",430.67586675703,1.53565389476083,0.102391050886364,14.9979307905056,7.57440526852475e-51,8.95595409465642e-50,"Up"
"YER124C",13933.5844564559,-1.04385368194178,0.0494437240172225,-21.1119551103832,6.17641464518917e-99,1.24197076655173e-97,"Down"
"YER138W-A",93.305441954948,-2.04153829715812,0.23537143738546,-8.67368751211201,4.18347357946603e-18,1.97565087365359e-17,"Down"
"YER145C",37120.13317459,-1.39710469857058,0.167022816765469,-8.36475354461522,6.02407122788e-17,2.6785905445658e-16,"Down"
"YER150W",8579.66206999595,1.53655230007081,0.0621527163634593,24.7222066865958,6.1725562694282e-135,1.71689516674756e-133,"Up"
"YER175C",7150.81147699439,-2.07735752469037,0.0467919231274585,-44.3956432188472,0,0,"Down"
"YER182W",2232.4807850434,1.17546869087847,0.057501912630423,20.4422537809039,7.04113657996001e-93,1.35956380323754e-91,"Up"
"YFL052W",773.253738906993,1.48899596906602,0.081435891212232,18.2842717983586,1.10428443537508e-74,1.75628511963685e-73,"Up"
"YFL051C",266.965902688758,1.68168732739416,0.120989426270363,13.8994569958226,6.38237181496836e-44,6.59546573481345e-43,"Up"
"YFL036W",4156.1410035077,1.0166074454735,0.0470964840177248,21.5856335494364,2.45106487953864e-103,5.15867454980233e-102,"Up"
"YFL028C",4390.56688364037,-1.21530288881852,0.0528141769022219,-23.010921689994,3.62392367293589e-117,8.63451097015744e-116,"Down"
"YFL019C",440.614806827606,-1.05999545005801,0.0976054506851074,-10.860002618888,1.78744081492472e-27,1.21877983859986e-26,"Down"
"YFL014W",42001.328944057,1.5452609318267,0.0822715126555326,18.78245436299,1.05107346106108e-78,1.72824943571346e-77,"Up"
"YFL011W",1062.34308209808,2.27934355458632,0.0782621668796411,29.1244626294556,1.75965944086064e-186,7.45670450308328e-185,"Up"
"YFR014C",6252.94263943333,1.01748403759624,0.044789884081786,22.7168267669174,3.0549574683401e-114,7.17063251118935e-113,"Up"
"YFR017C",2551.68856065553,1.54442629598382,0.0704252111992105,21.9300200835058,1.34368114652787e-106,2.90548039697841e-105,"Up"
"YFR025C",3311.8200903807,-1.09363297739395,0.0524370228182188,-20.8561226136961,1.34113849771812e-96,2.66287687880259e-95,"Down"
"YNCF0011C",17.5632569857881,-3.60264103493417,0.599512313556343,-6.00928613719889,1.86341992777307e-09,5.52896307516878e-09,"Down"
"YFR030W",32027.3173856154,-3.79292196997521,0.0732936635838925,-51.7496572624426,0,0,"Down"
"YFR033C",9240.24419696166,1.83596424406947,0.0622502542716654,29.4932810403821,3.51078386688309e-191,1.59475462845322e-189,"Up"
"YFR035C",60.0374791793979,-1.06571273825984,0.221068619633502,-4.82073276626336,1.43031856146274e-06,3.35726074240734e-06,"Down"
"YFR049W",2804.44454209045,1.44084333837692,0.0723345809380783,19.9191495919544,2.77666450182721e-88,5.06701146373901e-87,"Up"
"YFR053C",215217.517761612,4.73843684434626,0.0723846194670337,65.461929332989,0,0,"Up"
"YFR054C",138.152412393673,-1.00477874881905,0.158672167651542,-6.33241962778017,2.41346015099045e-10,7.51039299820292e-10,"Down"
"YGL261C",68.5288584341092,-1.37831821920587,0.219035430269097,-6.2926724572026,3.12046335750317e-10,9.65340795652866e-10,"Down"
"YGL258W",49533.5744645155,-4.95628145728294,0.26994314912403,-18.3604639471909,2.72271093971271e-75,4.37435034945193e-74,"Down"
"YGL256W",72712.5427298756,1.02250527310479,0.0521869555234088,19.5931198294589,1.77004078716408e-85,3.10445486948722e-84,"Up"
"YGL248W",4711.42721985046,-1.09754176104529,0.0503978268886923,-21.7775612323385,3.78701883200215e-105,8.07812057610189e-104,"Down"
"YGL224C",2597.12209762677,-1.66890600456663,0.0580082792129996,-28.770134663685,5.07247528873803e-182,2.07971486838259e-180,"Down"
"YGL223C",2439.8606258868,-1.1747699560792,0.0529081377327612,-22.2039558831755,3.14516620930121e-109,6.97589558159185e-108,"Down"
"YGL209W",2799.99659504652,-1.98022455986943,0.0891836190954169,-22.2039044832976,3.14876503128552e-109,6.97589558159185e-108,"Down"
"YGL202W",13982.9249510904,-1.02336789665885,0.0476106291307787,-21.4945258095168,1.75175319253025e-102,3.62641628119214e-101,"Down"
"YGL191W",6600.06778922135,2.13105638845967,0.0635195260550981,33.5496267181079,9.11651814916494e-247,5.37959771904929e-245,"Up"
"YGL187C",5554.31940818066,3.23582860495605,0.0803635502521717,40.2648787267659,0,0,"Up"
"YGL186C",6664.49293102217,-1.47323890680296,0.053243274975406,-27.6699528247178,1.60594222085677e-168,5.8953018502847e-167,"Down"
"YGL184C",3870.9764441771,-2.97801160235852,0.0700413105702109,-42.5179308912746,0,0,"Down"
"YGL162W",3731.32999786271,1.84214846413793,0.0526437223378399,34.9927471373697,2.90049566153293e-268,1.92776101125462e-266,"Up"
"YNCG0008W",21.7395181123787,1.66418692776998,0.395959209468327,4.20292517000568,2.63487711673958e-05,5.4725704325966e-05,"Up"
"YGL158W",743.288816103966,1.37790685031131,0.12509521189623,11.0148648331506,3.24022583930178e-28,2.27572702439949e-27,"Up"
"YGL157W",2202.94564311574,-2.13346963759646,0.0664652416395659,-32.0990277770454,4.54875515546519e-226,2.39340333763393e-224,"Down"
"YGL138C",561.144729781907,1.61510781323027,0.148805469141556,10.8538202429499,1.91260570932966e-27,1.29851531706532e-26,"Up"
"YGL125W",5960.51569606542,-2.030144623852,0.065897143968362,-30.8077786319039,2.06159058877877e-208,1.00129869058071e-206,"Down"
"YGL118C",240.49711282397,-1.42772215904264,0.126029981914585,-11.3284326265337,9.48874996934362e-30,6.95841664418532e-29,"Down"
"YGL117W",17722.7414068394,-1.62876845264082,0.0532909867081592,-30.5636760219987,3.72150003109565e-205,1.78011751487409e-203,"Down"
"YNCG0010W",316.973373133784,1.17741446515333,0.114760798319157,10.2597270356979,1.07008794151813e-24,6.55338046823034e-24,"Up"
"YGL089C",651.105836228488,-1.85886408903648,0.0969670013665383,-19.1700688155748,6.58216715455907e-82,1.11122469021085e-80,"Down"
"YGL037C",18174.555359578,1.40002275741899,0.0665098220591964,21.049864727843,2.29333444336094e-98,4.59686148424793e-97,"Up"
"YGL034C",64.7922757576156,-1.19494978503728,0.233326745461077,-5.12135795952554,3.03343188785124e-07,7.57638011862846e-07,"Down"
"YGL033W",227.291779308325,2.40026151661253,0.137362906382723,17.4738696189558,2.26591795068796e-68,3.36635433897501e-67,"Up"
"YGL028C",12372.1231642938,-1.1755289193377,0.0603987723953018,-19.4627948999364,2.2705824815753e-84,3.906391768029e-83,"Down"
"YGL026C",19047.8519644931,-1.14290020862586,0.0457185154733436,-24.9986290410552,6.32689570127664e-138,1.8158190662664e-136,"Down"
"YGL009C",50945.0103220925,-1.479840124563,0.0470603114617974,-31.445608382008,4.8199448140537e-217,2.4346505244748e-215,"Down"
"YGR008C",7816.44545231303,1.55556297002116,0.0723466393490427,21.5015235540688,1.50659978373789e-102,3.12916810346088e-101,"Up"
"YGR030C",1511.03471766229,1.11925832824978,0.0672509252002294,16.6430175483438,3.40041973084767e-62,4.66744569142873e-61,"Up"
"YGR043C",5851.43495269515,1.50596337773661,0.0646637308750326,23.2891507705765,5.71060567585835e-120,1.40298693530621e-118,"Up"
"YGR055W",15324.8022246287,-2.11623011656679,0.0604641364477457,-34.9997575570385,2.26900913321967e-268,1.52409826246266e-266,"Down"
"YGR059W",1551.566641887,1.11727208723458,0.0843311270043073,13.2486322301552,4.59501426946355e-40,4.3497631330424e-39,"Up"
"YGR067C",582.415224515256,1.07647999212492,0.0893930472559719,12.0420997512534,2.13452414770912e-33,1.73008799340634e-32,"Up"
"YGR087C",3221.52125848093,1.38818879371359,0.0526757279438495,26.3534809655283,4.68194339080106e-153,1.52380363760402e-151,"Up"
"YGR088W",3844.1519925694,1.54133676970461,0.0567834106979695,27.1441385918674,2.96937054852166e-162,1.02451396958283e-160,"Up"
"YGR138C",4181.60296901847,-2.34259320253341,0.063749282736073,-36.7469734872458,1.29950807384279e-295,1.02563674728042e-293,"Down"
"YGR142W",3600.25366582822,1.25363018823695,0.198890400366393,6.30312064296484,2.91711647403076e-10,9.04649971366907e-10,"Up"
"YGR144W",126014.888738274,-5.82611667294677,0.0994121372215501,-58.6056877538271,0,0,"Down"
"YGR154C",2078.23972527424,-1.66933499585058,0.0751448581214918,-22.2148931754139,2.46567421679098e-109,5.50115441866369e-108,"Down"
"YGR155W",31292.0799417197,-1.72866735429169,0.0506629737610607,-34.1209215717285,3.61103733701303e-255,2.25743462830696e-253,"Down"
"YGR157W",2776.32895524765,-1.01755162150845,0.0888100449459606,-11.4576185850105,2.15354892086427e-30,1.61299025935196e-29,"Down"
"YGR159C",26590.4972977671,1.08759013597394,0.238110387518731,4.56758794652915,4.93368695409889e-06,1.09533401646204e-05,"Up"
"YGR161C-D",57.6601695158985,-1.46405122705009,0.239268367771874,-6.11886661276497,9.42432487114044e-10,2.83628156512777e-09,"Down"
"YNCG0037W",33.3403036974077,1.40606395293727,0.306466376198811,4.5879876623892,4.47539080686105e-06,9.98186759918149e-06,"Up"
"YGR174C",1911.39259767719,1.94395804967362,0.0701302314904327,27.7192589894534,4.09188272882593e-169,1.51088582162614e-167,"Up"
"YGR174W-A",377.869119949377,2.41537408859259,0.117634769757807,20.5328245514952,1.09614275463165e-93,2.13612510887167e-92,"Up"
"YGR183C",4388.11235752159,1.90045419945454,0.0746161121051199,25.4697564083367,4.26568954026189e-143,1.2886872611107e-141,"Up"
"YGR201C",10422.8522180534,2.38705974957553,0.0674022052155017,35.4151580344218,9.9788143521117e-275,7.00069264658147e-273,"Up"
"YGR204W",40574.4326439671,-1.44882845119651,0.0500043393037432,-28.9740544794691,1.39704717397382e-184,5.84169262017926e-183,"Down"
"YGR236C",916.643399410597,4.01099808780457,0.117352564206888,34.1790408664043,4.95356924099206e-256,3.12768361876239e-254,"Up"
"YGR243W",4793.0780477182,2.5201128081795,0.0989370568839493,25.4718796733112,4.04078686084399e-143,1.22661193458505e-141,"Up"
"YGR244C",9982.25850646884,1.32055604701057,0.0459144239609994,28.7612460984433,6.55234429490626e-182,2.66912915342181e-180,"Up"
"YGR256W",4518.31872872992,1.78498470713839,0.0609096482581075,29.3054509127097,8.83861381008682e-189,3.87548663867279e-187,"Up"
"YGR267C",7678.75779017259,-1.2429015306856,0.0484047897390551,-25.677242632102,2.09915825779101e-145,6.46540743399632e-144,"Down"
"YGR273C",184.329909051251,1.54117684718644,0.168968826320963,9.12107209799114,7.43847900062144e-20,3.76938654975311e-19,"Up"
"YGR282C",73253.4244540227,1.06720451244511,0.0364814011587978,29.2533860692394,4.06635648250346e-188,1.74659692724672e-186,"Up"
"YGR288W",1255.53052144035,-1.0013737046412,0.0781156065103123,-12.8191247482537,1.2813879817185e-37,1.14114015748528e-36,"Down"
"YGR292W",523.779132433281,4.25553779391597,0.1364261299835,31.1929818314911,1.32651796462362e-213,6.59498773908151e-212,"Up"
"YGR294W",65.460622980256,1.15526211626751,0.231431726018224,4.99180529888342,5.98175384239639e-07,1.45997238147022e-06,"Up"
"YGR295C",4459.84415734258,-1.10614845423279,0.0833632555027483,-13.2690169974987,3.50143670191412e-40,3.33455072939453e-39,"Down"
"YHL047C",11034.3718253728,-3.43975815354359,0.0731577086656453,-47.0183965064354,0,0,"Down"
"YHL044W",1622.52384345456,-1.00990134402926,0.0663078402230532,-15.2304967351078,2.2189916142717e-52,2.68919636324598e-51,"Down"
"YHL040C",5073.93428250874,-2.04734904713317,0.0949380277148882,-21.5651103821288,3.82005465826229e-103,8.01323093430833e-102,"Down"
"YHL037C",31.248020044811,-1.40603834901571,0.327432291312059,-4.29413465416485,1.75376015442275e-05,3.70590415496159e-05,"Down"
"YHL036W",4494.03835894514,-2.52803208719522,0.10283863041154,-24.5825141493865,1.94321081340463e-133,5.28854873958484e-132,"Down"
"YHL032C",7962.05842407748,1.35734673890214,0.0494424568003395,27.4530601176117,6.38709191411606e-166,2.25296638802954e-164,"Up"
"YHL028W",6397.5137059625,-2.2239404611604,0.053417529145587,-41.6331585667162,0,0,"Down"
"YHL016C",1778.06274437971,-1.63964021347016,0.0661387903286406,-24.7909011538141,1.12379231076363e-135,3.18189446195586e-134,"Down"
"YHR001W-A",5039.28714787758,3.44445193411875,0.0893074033337486,38.5684927065516,0,0,"Up"
"YHR008C",9945.11855268648,2.11458258814823,0.0499703215655865,42.3167696724309,0,0,"Up"
"YHR018C",61086.3495218048,-2.8486890928838,0.0564442028420423,-50.469117277744,0,0,"Down"
"YHR021W-A",554.325530294629,1.38243075770778,0.104097249379352,13.280185268584,3.01646914134954e-40,2.88138973653268e-39,"Up"
"YHR022C",1170.9189333221,1.13598881751696,0.104547201913922,10.8657983831291,1.67749434483117e-27,1.14504857224476e-26,"Up"
"YHR029C",4286.19080615972,-2.18093870469183,0.0538925014024657,-40.4683146622704,0,0,"Down"
"YHR033W",16382.1816909506,4.10770896806354,0.0749755960706016,54.787279906324,0,0,"Up"
"YHR043C",3890.47806544362,1.25261293010002,0.0726431700677709,17.2433682193581,1.25506578333752e-66,1.82591828479103e-65,"Up"
"YHR050W-A",410.672525004759,1.53186738900515,0.109625076663554,13.9736950306228,2.25611069865922e-44,2.3545591655098e-43,"Up"
"YHR051W",4021.37043078591,1.83152703784739,0.0696211783453969,26.3070387685916,1.59316416774791e-152,5.15858387444119e-151,"Up"
"YHR071W",13605.9069409812,-1.26878543617659,0.0813110697832217,-15.6040922786925,6.82738677145823e-55,8.60441518462819e-54,"Down"
"YHR087W",3142.86980120377,1.37194492166969,0.100940249975938,13.5916536960899,4.48823580005922e-42,4.46508275188991e-41,"Up"
"YHR092C",2095.09566255045,-1.91542544179448,0.0923067621878065,-20.7506513758697,1.20941832034173e-95,2.37151157597443e-94,"Down"
"YHR094C",8652.2857503318,-4.77994258590132,0.0773730407280309,-61.7778820752695,0,0,"Down"
"YHR096C",11251.2187078262,2.21826712412743,0.0546441166519838,40.5948025156135,0,0,"Up"
"YHR112C",11354.4213380208,-2.02727726954772,0.0737242549109636,-27.4981045518337,1.84969707705244e-166,6.5982979347509e-165,"Down"
"YHR122W",2655.53644743069,-1.0476053666866,0.0515403936716298,-20.3259092928359,7.58703237385025e-92,1.45165219419668e-90,"Down"
"YHR126C",1416.03801397954,2.7851950602845,0.087538069903306,31.8169576203932,3.77242629314775e-222,1.95238521433893e-220,"Up"
"YHR136C",178.988437575284,-1.22381521427962,0.149048802133976,-8.21083562402312,2.19654417194784e-16,9.50581213274755e-16,"Down"
"YHR138C",5046.59823370691,1.77775231078076,0.0605001480291995,29.3842638190365,8.7257821222696e-190,3.90741761134824e-188,"Up"
"YHR139C",95.8267921191399,2.2898280003096,0.21513861894402,10.643500509341,1.86970291360428e-26,1.217041669742e-25,"Up"
"YHR143W",13480.3457987189,-1.32161260989696,0.0542617403073913,-24.3562517974923,4.9773011403282e-131,1.30944497500134e-129,"Down"
"YHR162W",40993.1527019778,-1.2568328659281,0.0437929137036509,-28.6994575065993,3.87517661821855e-181,1.55846274951796e-179,"Down"
"YHR176W",2805.12488368785,-1.54324171305471,0.0821596524581713,-18.7834498672009,1.03154819303244e-78,1.70057318297828e-77,"Down"
"YHR185C",335.254327417383,2.59219723010507,0.308224474350334,8.41009538768399,4.09677413738886e-17,1.8319427693678e-16,"Up"
"YHR208W",34167.2471545942,-1.16230547168748,0.0475198006804999,-24.4593928224207,3.99807667542379e-132,1.06965492070448e-130,"Down"
"YHR216W",5594.42064560305,-1.74561302762245,0.271378273940687,-6.43239785659472,1.2560643897899e-10,3.97932290874735e-10,"Down"
"YIL165C",1361.69366686185,-1.80425155843203,0.0654206248084995,-27.579246815717,1.97411011273423e-167,7.20493135942425e-166,"Down"
"YIL164C",1904.8562947097,-1.96863052569653,0.0639767834665692,-30.7710144059561,6.40204643496592e-208,3.08568864048663e-206,"Down"
"YIL163C",174.585806331566,-1.93793908962642,0.148549057895458,-13.045785123661,6.71615375994184e-39,6.13687334880937e-38,"Down"
"YIL162W",12839.795625925,3.11851004125519,0.238751130205453,13.0617603299788,5.44538837388533e-39,5.00468445308762e-38,"Up"
"YIL160C",711.914848983949,1.99169569099633,0.106243067622613,18.7465943478877,2.06392283948427e-78,3.36734077739112e-77,"Up"
"YIL155C",2146.912625686,2.34905272168734,0.0781465463847731,30.0595845927883,1.63633483580058e-198,7.59692511268004e-197,"Up"
"YIL136W",12619.0996026256,2.33834539381905,0.05153214714276,45.3764402119925,0,0,"Up"
"YIL125W",9791.61818064732,1.2606878909912,0.0546872392084533,23.052688510857,1.38235059618371e-117,3.31869264802432e-116,"Up"
"YIL121W",12681.4007579792,-1.657394296023,0.0412806819511491,-40.1493923473536,0,0,"Down"
"YIL119C",3716.96047051053,-1.03496768396189,0.0674652114560392,-15.3407609881469,4.08379358067141e-53,4.98744152192636e-52,"Down"
"YIL117C",3153.23172707409,-1.44295441009273,0.0586251499123841,-24.6132319021656,9.11654296011762e-134,2.49185507576548e-132,"Down"
"YIL116W",13727.6981178302,-1.31925001510858,0.0543379036428775,-24.2786329001395,3.29688133777419e-130,8.56646451304783e-129,"Down"
"YIL101C",2848.95071092811,1.81149534826094,0.0720076706709557,25.1569774633969,1.18538762839823e-139,3.48118022590995e-138,"Up"
"YIL074C",23114.6767706992,-3.18125560145573,0.0815803945744371,-38.9953446296834,0,0,"Down"
"YIL073C",1978.86286494071,-1.66994792224217,0.070831759108267,-23.5762593399614,6.75404476231491e-123,1.67893852871088e-121,"Down"
"YIL057C",1425.47516780843,6.01203222219551,0.246522854658635,24.387321940274,2.33119805623152e-131,6.18453131388479e-130,"Up"
"YIL046W",8701.73989135182,-1.13871623258721,0.0466381620606221,-24.4159757219219,1.15721060743757e-131,3.08296530605943e-130,"Down"
"YIL045W",5219.01612176027,1.02401087605813,0.0661643877163733,15.476767962363,4.97864713952205e-54,6.15169824636834e-53,"Up"
"YIL024C",1318.3466088191,1.53088747305381,0.064006088288035,23.9178414741522,1.9976965724462e-126,5.10666241231795e-125,"Up"
"YIL009C-A",1598.07116268895,-1.33652697222417,0.0648779526795518,-20.6006342220077,2.70872414558175e-94,5.29501060532606e-93,"Down"
"YIR017C",6331.96601008826,-2.58896379210404,0.0899642041486647,-28.7777101637648,4.07792966727444e-182,1.68287894896541e-180,"Down"
"YIR034C",9022.51271298907,-2.06748173216204,0.0474511553770652,-43.5707353326392,0,0,"Down"
"YIR038C",9898.09532388086,1.10228241454413,0.0627898278002189,17.5551112841289,5.4360347567969e-69,8.11421358260417e-68,"Up"
"YJL218W",416.698478942894,-1.09604809168573,0.106110577881698,-10.3293009383825,5.19377064018593e-25,3.22452977602104e-24,"Down"
"YJL217W",4089.09079510299,-1.07853101448009,0.0611302464188686,-17.6431648433072,1.14844820582304e-69,1.7347612372169e-68,"Down"
"YJL213W",2703.85898034735,-3.06374493020439,0.0584128215272415,-52.4498705952011,0,0,"Down"
"YJL212C",2285.81354888704,-1.36477245002447,0.0616012557668452,-22.1549452691354,9.3473797833154e-109,2.05642355232939e-107,"Down"
"YJL166W",5164.21443699744,2.2028193341191,0.0597923868838926,36.8411339456414,4.05542565994139e-297,3.24126045783164e-295,"Up"
"YJL160C",709.63732210143,-1.02300821885044,0.0789402328685779,-12.9592754122423,2.08204904676171e-38,1.88609148941943e-37,"Down"
"YNCJ0004C",99.371820918163,1.69344998872826,0.222168231244909,7.62237687737392,2.49046631654397e-14,9.77302941122351e-14,"Up"
"YJL116C",17570.672262917,3.12971935354454,0.0672944413987281,46.5078435676515,0,0,"Up"
"YJL103C",1806.4788332014,1.3580098870436,0.0603335226885705,22.508380524263,3.43593900131924e-112,7.91770761106922e-111,"Up"
"YJL102W",896.548164420282,1.66210084313092,0.0735558184475945,22.5964563811508,4.69576755730504e-113,1.09003957194206e-111,"Up"
"YJL101C",5865.13138146754,-1.85979585694173,0.0716186139779267,-25.9680515112304,1.13724457468708e-148,3.60832273596695e-147,"Down"
"YJL089W",1199.04765071474,-1.63391315590221,0.09359955440376,-17.4564202395024,3.07630298238228e-68,4.54889391821118e-67,"Down"
"YJL088W",8929.7570403035,-2.47560758345367,0.0508345156493833,-48.6993443692563,0,0,"Down"
"YJL071W",2454.87615139802,-1.15447057154187,0.0523772971233836,-22.0414308287485,1.15431297134795e-107,2.52191422183078e-106,"Down"
"YJL060W",10473.0354223306,-2.72677096609559,0.0839470061856956,-32.4820513558734,1.91152577565005e-231,1.0404632540909e-229,"Down"
"YJL026W",27244.8992230331,1.50872280462123,0.0596033222798639,25.3127300108727,2.31334460891334e-141,6.92249187709897e-140,"Up"
"YJR004C",4766.21257269213,-1.76086153061803,0.0517661546384163,-34.0156911966429,1.30594780386987e-253,8.00558682877122e-252,"Down"
"YJR005C-A",109.187102221549,-1.99883075091691,0.184652926799341,-10.8247986401483,2.62655836393665e-27,1.7642648414783e-26,"Down"
"YJR010W",34737.8883891449,-5.11283357735836,0.0988654888477888,-51.7150487692422,0,0,"Down"
"YJR027W",152.301942384466,-1.71077133361898,0.159066022503892,-10.7551022316983,5.60718100410279e-27,3.718880342427e-26,"Down"
"YJR048W",212.268803684999,1.46886628756431,0.187699271026252,7.82563661293535,5.05094361489868e-15,2.04171946123369e-14,"Up"
"YJR070C",13851.762539539,1.13408869326198,0.0641548375557181,17.6773683243611,6.2653197288654e-70,9.4866256038504e-69,"Up"
"YJR077C",14099.9822389652,2.08039267690577,0.0576603348844816,36.0801351756574,4.6477063996936e-285,3.45242567149005e-283,"Up"
"YJR109C",21928.3102363847,-1.94675734393677,0.0653044569232372,-29.8104820965758,2.85736008335998e-195,1.30734576567644e-193,"Down"
"YJR111C",3957.75760952353,-1.47188781303033,0.0502827672938232,-29.2722117784305,2.34248563803879e-188,1.01304481634089e-186,"Down"
"YJR115W",514.404753924325,2.49365579194745,0.0992978251747489,25.112894341432,3.59608095475292e-139,1.04154381414266e-137,"Up"
"YJR120W",764.169788628054,1.31852437328692,0.076229051016914,17.2968750849904,4.96605221995268e-67,7.25825317518084e-66,"Up"
"YJR121W",36250.2444051956,1.44198774791485,0.0407870104539026,35.3540926845957,8.67440493460671e-274,6.01870250078096e-272,"Up"
"YJR130C",5366.95358353397,-1.14281121153028,0.0564296548049099,-20.2519617651612,3.41370864936406e-91,6.39589211041088e-90,"Down"
"YJR137C",32631.6272504125,-3.93374690922284,0.0771847365410482,-50.9653473667142,0,0,"Down"
"YJR139C",21170.4596898026,-1.24730359409119,0.06302945918003,-19.7892161906155,3.68731453477013e-87,6.61412044674391e-86,"Down"
"YJR147W",1855.19505654421,-1.54659195585125,0.0603312698368964,-25.6349975731061,6.2153520277536e-145,1.89583249774088e-143,"Down"
"YJR150C",44004.0321166838,-1.50514559652894,0.0801441488852368,-18.7804801406557,1.09089155868455e-78,1.78906215624267e-77,"Down"
"YJR159W",34.9709162216786,1.72528989280447,0.308128388214151,5.59925653979465,2.15273027910955e-08,5.93551920624355e-08,"Up"
"YKL221W",564.37187651077,1.454566603368,0.0929170625318499,15.6544617719636,3.09722429015691e-55,3.9268823630624e-54,"Up"
"YKL220C",552.127509696896,-1.2220728653683,0.0894025949580285,-13.6693220811099,1.54830893486132e-42,1.5641636183543e-41,"Down"
"YKL217W",2660.03487744239,2.28853225741111,0.054555809565705,41.9484611378535,0,0,"Up"
"YKL216W",16015.6475346771,-1.38464678630052,0.064006704510462,-21.6328398234313,8.81840341994927e-104,1.86843621454898e-102,"Down"
"YKL211C",10056.6464905269,-1.65026435950764,0.0442115511701316,-37.3265428565766,6.09116930907415e-305,5.06047934440713e-303,"Down"
"YKL201C",7342.65949753038,-1.48518880689641,0.0590558425436856,-25.1488886268579,1.45331677474999e-139,4.24826023878306e-138,"Down"
"YKL178C",2947.43676030599,-1.50267605912907,0.062391282395582,-24.0847118608909,3.61515239255569e-128,9.35494762565437e-127,"Down"
"YKL175W",19951.7874986763,-1.43000156897941,0.0749710345453437,-19.0740541017148,4.14860558983823e-81,6.98514551846363e-80,"Down"
"YKL171W",2836.63044652322,1.14950147924607,0.0597523703993301,19.2377552817379,1.78784921416491e-82,3.05920865534884e-81,"Up"
"YKL163W",26607.5665284343,1.82153818674074,0.055495075731856,32.8234201452782,2.72854159326763e-236,1.53821532320462e-234,"Up"
"YKL150W",10456.2188198588,1.80302041547275,0.0631049911048318,28.5717561147822,1.50783768454982e-179,5.98772776116198e-178,"Up"
"YKL148C",11873.8238746013,2.54366268686859,0.0640107248155562,39.7380703655212,0,0,"Up"
"YKL141W",10674.4445565452,1.94890016126265,0.0694690087157196,28.0542388223491,3.54616052289388e-173,1.34074596057198e-171,"Up"
"YKL128C",2976.31099412017,-1.64121069928244,0.0573674181057416,-28.6087600501264,5.22794628733575e-180,2.08919321887582e-178,"Down"
"YKL127W",2522.38142341618,-1.02798302543653,0.0521466478392415,-19.7133098297251,1.65762108625922e-86,2.93994930860695e-85,"Down"
"YKL120W",13034.4723637408,-1.34431527881935,0.0543784107064539,-24.7214889393558,6.28324165908407e-135,1.74001701032705e-133,"Down"
"YKL109W",5297.41709259163,2.66885766023442,0.0653919043841759,40.8132732234705,0,0,"Up"
"YKL107W",616.320416535376,1.32853152086224,0.0837377321699024,15.8653869221903,1.10037258334752e-56,1.4208082804205e-55,"Up"
"YKL096W-A",29436.9831616735,2.22920457608392,0.0832892544913531,26.7646119502169,8.34744258260937e-158,2.75946347992647e-156,"Up"
"YKL096W",2534.86817689338,1.34609130241662,0.0991560124748576,13.5754884531883,5.59693389013677e-42,5.54773007571799e-41,"Up"
"YKL093W",1866.53081279585,1.1830566506752,0.0600113692805261,19.7138753016106,1.63919861495747e-86,2.91546480418069e-85,"Up"
"YKL085W",16217.627601624,1.76750147688208,0.0582427493368345,30.3471504523269,2.73968134618925e-202,1.29092149401783e-200,"Up"
"YKL068W-A",9984.65688395287,-2.88723660706263,0.0803235946937532,-35.9450621958678,6.0452789951276e-283,4.43835948549252e-281,"Down"
"YKL067W",7845.14596514128,1.0989375493532,0.064995919918459,16.9077928388716,3.94197809575425e-64,5.54335182552168e-63,"Up"
"YKL065W-A",796.459162421055,3.12210143324494,0.142014458011748,21.9843914271507,4.06205583949104e-107,8.84407605880911e-106,"Up"
"YKL050C",1365.55165198559,1.34574802346718,0.0701811505730928,19.1753485441308,5.94686059606221e-82,1.00666160331198e-80,"Up"
"YKL026C",1901.25942466186,1.59865000058194,0.0670633263889151,23.8379168863622,1.35144575240423e-125,3.4269190685463e-124,"Up"
"YKL016C",11510.8939720151,1.58439525511393,0.0588441510291314,26.9252802088955,1.11120053969687e-159,3.73197883385427e-158,"Up"
"YNCK0015C",87.6870078809658,1.20410952811324,0.196541282124203,6.12649675986297,8.98350351989449e-10,2.70619471491478e-09,"Up"
"YKL001C",18839.775058851,-4.38062580107154,0.104259760810971,-42.0164574232417,0,0,"Down"
"YKR016W",3191.45042610809,1.03500503496703,0.0569318697019096,18.1797127054887,7.4724211868077e-74,1.1795216843376e-72,"Up"
"YKR034W",1475.97686006156,1.18061629202555,0.0713361952772917,16.5500316835845,1.60018421621662e-61,2.18219506289238e-60,"Up"
"YKR041W",207.015692459802,-1.22086817026387,0.130851000070018,-9.33021657924349,1.05654790338376e-20,5.5223869718254e-20,"Down"
"YKR049C",2962.48891827874,1.16051670632235,0.0730096687292379,15.8953838104131,6.82094173809002e-57,8.82529224063533e-56,"Up"
"YNCK0020C",298.53209598464,1.0873364688931,0.117427006507698,9.25967970427506,2.05046370647507e-20,1.05686757899458e-19,"Up"
"YKR069W",13342.0657870043,-3.39800163276799,0.0711763408126287,-47.7406058526275,0,0,"Down"
"YKR075C",5669.42209810856,1.99860919283384,0.0984362298290929,20.3035934665912,1.19517083788599e-91,2.26615875988352e-90,"Up"
"YKR097W",12090.6081806289,4.62765930833597,0.057476255897182,80.5142790896868,0,0,"Up"
"YLL062C",1611.93543114262,-1.58082351677151,0.080268629243265,-19.6941636063151,2.41960039859244e-86,4.27937168535369e-85,"Down"
"YLL061W",2597.74359943685,-1.69004559296884,0.0756598702473379,-22.3374106702001,1.60056076436398e-110,3.60926452364077e-109,"Down"
"YLL055W",3678.98010167158,-1.66483320868072,0.0998096216956194,-16.6800873542814,1.82951194391591e-62,2.52768893082824e-61,"Down"
"YLL053C",411.018071858475,-2.07567332608234,0.105225632039977,-19.7259288050059,1.29163057925039e-86,2.30377273372514e-85,"Down"
"YLL052C",359.101005679188,-2.11613376670906,0.108363973463088,-19.5280193138162,6.34531493327711e-85,1.09765256133457e-83,"Down"
"YLL041C",13328.7039400655,2.40855744741775,0.0625611495291439,38.4992517807835,0,0,"Up"
"YLL026W",27458.4607248327,1.31165587472682,0.0773155224114725,16.9649746107411,1.49164135083017e-64,2.11170930249814e-63,"Up"
"YLR004C",23052.8688045967,-3.74346330251087,0.0907143602340542,-41.2664906951035,0,0,"Down"
"YLR023C",11971.7600977869,1.54608501627247,0.0998462080200864,15.4846643345878,4.40354893100239e-54,5.45176626477433e-53,"Up"
"YLR034C",5196.03562920799,-1.65429427652427,0.106229662048618,-15.5728093700153,1.11404729375809e-54,1.39565369301361e-53,"Down"
"YLR037C",682.83050800131,1.00888799687988,0.0853863699389312,11.8155625728256,3.2437032612194e-32,2.56009279891741e-31,"Up"
"YLR038C",3182.30239820681,2.69487581048177,0.0979123894983832,27.5233382035505,9.2303428500022e-167,3.31138549743829e-165,"Up"
"YLR042C",983.950591666654,-1.05307969389492,0.0747053681577547,-14.0964393839964,3.99419983036538e-45,4.24568648635135e-44,"Down"
"YLR058C",46520.1178604,-1.92039091903888,0.0583088906665286,-32.9347874241287,6.9859443296405e-238,4.00993204521365e-236,"Down"
"YLR069C",2246.52322159587,1.02775027667267,0.0564374663592527,18.2104255022812,4.26618370070257e-74,6.75104859304161e-73,"Up"
"YLR070C",651.851393311207,1.02371957356809,0.0824005202524631,12.4237027925499,1.9435342261767e-35,1.65161172329471e-34,"Up"
"YLR092W",21544.9879758528,-3.99170003490537,0.0890861478585157,-44.80719091418,0,0,"Down"
"YLR106C",6034.27502809892,1.05670936060497,0.0872488928097451,12.111435762391,9.18717786575536e-34,7.5728252016161e-33,"Up"
"YLR111W",62.3162400956659,-2.24062063172251,0.249668144788999,-8.97439532630852,2.84912399716869e-19,1.40872113689296e-18,"Down"
"YLR130C",22314.1411166064,-1.71869190712401,0.0588177938431081,-29.2206115671133,1.06131505686663e-187,4.52779950611887e-186,"Down"
"YLR134W",20000.1869358015,-5.12975595280156,0.0793579376200033,-64.6407417663099,0,0,"Down"
"YLR136C",6848.01828174978,-1.1380476011909,0.198534567791818,-5.73223904455895,9.91134523749452e-09,2.80126382406179e-08,"Down"
"YLR146W-A",548.873123660988,1.12652037068787,0.0869623502887633,12.9541159702699,2.22686651027365e-38,2.01438898937935e-37,"Up"
"YLR179C",38180.2545647355,-1.95040372847939,0.0484287289579652,-40.2736922988892,0,0,"Down"
"YLR180W",29242.9578423481,-2.80361201512799,0.0647500419244923,-43.2989992253193,0,0,"Down"
"YNCL0032C",30.4559957884825,-1.34697743910868,0.356847577221602,-3.77465765522686,0.000160227550988625,0.000307127127183418,"Down"
"YLR227W-B",210.098048084166,-1.81196626864508,0.132404066114476,-13.6851255540631,1.24591757360429e-42,1.26069287816306e-41,"Down"
"YLR237W",35988.0306733698,-1.50610105832581,0.0784810460960366,-19.1906343409694,4.43196730055228e-82,7.54270661339275e-81,"Down"
"YLR295C",7748.23373602756,1.8204768659192,0.0664439484767804,27.3986857743018,2.84321416410645e-165,9.91826200672274e-164,"Up"
"YLR302C",34.3721527038975,-2.79782905595852,0.377495186866194,-7.41156219549424,1.24820234823527e-13,4.68279835220291e-13,"Down"
"YLR303W",108231.694202733,-5.18941148935328,0.18063094730746,-28.7293598727585,1.6403729380643e-181,6.63930431470385e-180,"Down"
"YLR308W",240.072130945668,1.15003958626198,0.19292594498343,5.96104161293992,2.50635125204652e-09,7.36051246763802e-09,"Up"
"YLR327C",22389.4332676311,3.91355134060322,0.0888178249769363,44.0626793283834,0,0,"Up"
"YLR364W",1291.9852896155,-1.81364512214074,0.100580863238589,-18.0317116372183,1.09838269098682e-72,1.70397747196333e-71,"Down"
"YLR367W",6264.64153765845,1.36076531274793,0.0548969076241682,24.7876496443829,1.21828272265488e-135,3.41877204926352e-134,"Up"
"YLR395C",3229.8814914217,2.42015657900467,0.0833768204493514,29.0267314819811,3.0267215490372e-185,1.27404799070806e-183,"Up"
"YLR420W",4107.25989941278,-1.39272457735276,0.0496535846300108,-28.04882241092,4.12884087025209e-173,1.55175602706974e-171,"Down"
"YLR452C",1877.19985587668,-2.1562885222488,0.0636734312510873,-33.8648079721946,2.19725982522728e-251,1.32128557490334e-249,"Down"
"YLR461W",109.920784774028,-1.24066221169889,0.173547668816371,-7.14882671810253,8.75227275587352e-13,3.12100694758864e-12,"Down"
"YML128C",12264.8665471757,1.3094720133148,0.0596024129092648,21.9701174734027,5.56244827751093e-107,1.20691747162213e-105,"Up"
"YML120C",5015.0258256116,1.98473546418509,0.0723623027157088,27.4277543651776,1.28019690600488e-165,4.4906462580638e-164,"Up"
"YML091C",5710.65429173205,1.74894473260016,0.0735362578375424,23.7834339689131,4.95665036059918e-125,1.24686415843917e-123,"Up"
"YML081C-A",6903.2181524531,1.99726978724888,0.0583058414310966,34.2550546948057,3.66748788898798e-257,2.33904227586567e-255,"Up"
"YML054C-A",89.1660371611768,-1.0269471221402,0.182647732662549,-5.62255609292198,1.88152443409198e-08,5.22425034162566e-08,"Down"
"YNCM0008C",27.020795560081,-1.34732070514143,0.332487822047435,-4.05224076131489,5.07294208487996e-05,0.000102662039499782,"Down"
"YML018C",7205.95000660835,-1.55375836138481,0.05752643087844,-27.0094691719722,1.14403034921402e-160,3.88355248652544e-159,"Down"
"YML009C",1917.31606811905,1.01906976551756,0.0553997172438848,18.394854995944,1.44446735310061e-75,2.32662420088705e-74,"Up"
"YNCM0013W",81.5943657922661,1.00630226833509,0.194660719406512,5.16951890141543,2.34697397728629e-07,5.91804859927541e-07,"Up"
"YMR015C",8266.96305400135,1.54440696848939,0.257472071750105,5.99834754112029,1.99335544938626e-09,5.89786612344183e-09,"Up"
"YMR018W",556.858635671059,-1.14041067028221,0.0897915468639513,-12.700646220185,5.86434555779159e-37,5.10723832439946e-36,"Down"
"YMR020W",4536.13680166824,-1.04714280069769,0.0615486801158345,-17.0132454299097,6.55063505794288e-65,9.35762664159532e-64,"Down"
"YMR040W",968.864989914086,1.11644594108751,0.0753354739427639,14.8196577609072,1.09340101151897e-49,1.26674018105151e-48,"Up"
"YMR045C",241.127627713937,-1.79025300141593,0.125878353004714,-14.2220879021899,6.6828882008447e-46,7.21294976070657e-45,"Down"
"YNCM0020W",11.010446248204,-2.19317504547943,0.583843212858672,-3.75644521881308,0.000172343975506721,0.00032895400887226,"Down"
"YMR058W",16809.8463374554,-2.05799632113916,0.167342391855393,-12.2981170420795,9.27101981722495e-35,7.80496255012778e-34,"Down"
"YMR062C",16338.9411000974,-2.0873149327827,0.048928578674587,-42.6604448632151,0,0,"Down"
"YMR081C",2541.12524948112,1.80699588678763,0.0699359265191146,25.8378772789083,3.32986681212869e-147,1.05123895258903e-145,"Up"
"YMR094W",1028.30934964104,-1.17387872681437,0.0703294030684392,-16.6911515752813,1.52010199349217e-62,2.10943384327683e-61,"Down"
"YMR095C",1900.32991708494,-1.93881220287557,0.084534022866579,-22.9352885043177,2.06634479972897e-116,4.88647979980851e-115,"Down"
"YMR096W",24633.1193167293,-2.52663959522308,0.0964725529735872,-26.1902428964935,3.43256112560738e-151,1.10016197700939e-149,"Down"
"YMR101C",208.059905853842,1.31500517759078,0.127284086777695,10.3312614395188,5.08869312652176e-25,3.16240240165929e-24,"Up"
"YMR105C",17553.4506100577,1.87320973528202,0.0933972882143906,20.0563610688795,1.77616259623203e-89,3.27914930778042e-88,"Up"
"YMR107W",3452.97759800527,1.97896888763906,0.0787709681772092,25.1230743182821,2.78358626054195e-139,8.09933808712528e-138,"Up"
"YMR110C",3443.49039062441,1.27367848338682,0.0487890882154432,26.1058062360686,3.13238046984997e-150,9.98881327607712e-149,"Up"
"YMR114C",4138.40687710107,1.56781439816148,0.0476163505850151,32.9259672129278,9.34293472128084e-238,5.31453061533038e-236,"Up"
"YMR118C",2639.82732674814,2.20733280533476,0.0591585099034865,37.3121772156852,1.04159780681081e-304,8.54110201584862e-303,"Up"
"YMR120C",24585.4556915895,-1.08679371578427,0.067351191536663,-16.1362210673387,1.41971761962166e-58,1.87141900841152e-57,"Down"
"YMR145C",1119.33516114219,1.71475686923041,0.0864850812249355,19.8271984594727,1.73434516944678e-87,3.12875868568199e-86,"Up"
"YMR174C",7282.84025786103,2.9286905526976,0.0585382345078953,50.030387443656,0,0,"Up"
"YMR175W",27525.8477364629,6.46153702602761,0.0969266114692301,66.6642207757243,0,0,"Up"
"YMR175W-A",1267.60342217465,5.49968431903193,0.141395314780682,38.8958030721349,0,0,"Up"
"YMR189W",10357.3136043357,-2.06880804851968,0.0435798377204429,-47.4716785728008,0,0,"Down"
"YMR191W",3962.06204603788,1.016110177216,0.047460531820242,21.4095826204508,1.08782530603555e-101,2.23004187737288e-100,"Up"
"YMR206W",2666.76009164022,2.57382867458376,0.0566791310654902,45.4105175255741,0,0,"Up"
"YMR252C",2879.96712904279,1.03401684248752,0.0775673763164043,13.3305635898998,1.53731879648415e-40,1.48419432431206e-39,"Up"
"YMR256C",3109.85762422887,2.71223314880703,0.0844436555842089,32.1188504931828,2.40548380830318e-226,1.27632140887616e-224,"Up"
"YMR265C",1714.55421588502,-2.61627432747681,0.073125040129165,-35.778090827103,2.42062958433154e-280,1.75676496499648e-278,"Down"
"YMR280C",2296.71396194436,1.48832348424915,0.067433813454159,22.0708782139527,6.021068138096e-108,1.32003556333119e-106,"Up"
"YMR301C",2822.54927178303,-1.26911019795639,0.0674673792695302,-18.8107232220528,6.16904113869845e-79,1.01966821334403e-77,"Down"
"YNL331C",2197.8358313364,-1.55912069891761,0.0675806100515417,-23.070533067525,9.15294200656813e-118,2.20578915379661e-116,"Down"
"YNL318C",653.228799645819,1.39697775430608,0.099269167370587,14.0726248774803,5.59533739796689e-45,5.8979900385247e-44,"Up"
"YNL311C",2351.09991404763,-1.15469320120394,0.0511892873990547,-22.557321265333,1.13809103578817e-112,2.63220029302802e-111,"Down"
"YNL284C-B",299.841327615163,-2.14958948678997,0.11756364624115,-18.2844744571861,1.10018797042416e-74,1.75418859728741e-73,"Down"
"YNL279W",2082.6498072204,-1.04487270546087,0.0589889849164348,-17.7130138269215,3.32767509417108e-70,5.05070686168178e-69,"Down"
"YNL277W",16639.9351954221,-3.65843102944298,0.0867012476558556,-42.1958291069171,0,0,"Down"
"YNL254C",11174.842036924,-1.03108851723631,0.0697329834459705,-14.7862383951378,1.79721030976848e-49,2.06695553658984e-48,"Down"
"YNL234W",1232.0183424081,-1.20761215880598,0.10550290223174,-11.4462458687007,2.45551177977861e-30,1.83263609663382e-29,"Down"
"YNCN0005C",855.173723479602,2.07068145737557,0.0989502369604098,20.9264931644788,3.07288842523477e-97,6.12057334919002e-96,"Up"
"YNL221C",5678.52847803147,-1.34498247418293,0.0549123951433914,-24.4932400175009,1.74364976226548e-132,4.68485302082735e-131,"Down"
"YNL195C",1322.40795813331,2.7622300398806,0.0744058938521145,37.1238069576945,1.16046104303781e-301,9.39378336633425e-300,"Up"
"YNL194C",841.551185173567,1.26897048589589,0.08773850484158,14.463096769054,2.07258966936141e-47,2.30393154442746e-46,"Up"
"YNL191W",2996.79714708507,-1.46047756162472,0.0517809204804576,-28.2049362597931,5.08672949518242e-175,1.95839085564523e-173,"Down"
"YNL145W",267.527678583755,-1.81859728051263,0.12314131694117,-14.768376087625,2.34290211617585e-49,2.6847702289536e-48,"Down"
"YNL144C",4319.0884691335,2.48067476785507,0.0646206879534949,38.3882444835673,2.07507571253324e-322,1.81964377363331e-320,"Up"
"YNL135C",15926.6416308945,1.01935710163059,0.0486501853191326,20.9527896953295,1.7695546169765e-97,3.5357493201233e-96,"Up"
"YNL117W",1418.76409567863,1.47073100269249,0.120827480585455,12.1721564959084,4.37372351612125e-34,3.62886863085277e-33,"Up"
"YNL104C",44843.6880277986,-1.50656608484849,0.0461419713490021,-32.6506657778737,7.84072616581325e-234,4.30489956616912e-232,"Down"
"YNL097C-B",123.590778670753,-1.08906984865559,0.16397727445095,-6.64159013681716,3.10316884878162e-11,1.01572877714915e-10,"Down"
"YNL066W",8488.39707249246,-1.01634873472903,0.0649421089975642,-15.6500728174249,3.31839611977365e-55,4.19886835676369e-54,"Down"
"YNL054W-B",836.097323958119,-1.12328011904111,0.105138062585472,-10.6838578857009,1.21130789119224e-26,7.91738925982177e-26,"Down"
"YNL052W",3224.54675616532,2.98950586810939,0.0954069870310303,31.3342445992669,1.59493636809714e-215,7.9924033556868e-214,"Up"
"YNL042W-B",63.2103770653641,-1.51725276087102,0.236154797474224,-6.42482294282683,1.32023094455535e-10,4.17632173543211e-10,"Down"
"YNL034W",137.649143682012,-1.67663124090657,0.179172912669392,-9.35761559003211,8.15563636617089e-21,4.28408386156431e-20,"Down"
"YNL024C",757.151115293867,-1.21313224955609,0.0809747653233907,-14.9816087111976,9.68442034867530e-51,1.14294261834646e-49,"Down"
"YNL018C",248.987841167884,-2.42261016962619,0.142367296169614,-17.0166199317288,6.18389356749316e-65,8.85376507599814e-64,"Down"
"YNL015W",13279.7679850268,1.08260484027969,0.0563581323006867,19.2093810792679,3.08927021311664e-82,5.27179787178877e-81,"Up"
"YNR002C",1520.31692322803,1.08114802204943,0.0672708352877822,16.0715712451662,4.03721939315386e-58,5.28858988555466e-57,"Up"
"YNR014W",2902.16994966384,1.71518343478313,0.0798492842564864,21.4802606028845,2.38166603376419e-102,4.9143265807801e-101,"Up"
"YNR034W-A",22006.2520231477,3.84688358198353,0.215950635529589,17.8137173458628,5.53112789455581e-71,8.45606332354126e-70,"Up"
"YNR044W",1926.65954762316,-2.00319198473497,0.0658894654682766,-30.4023104527906,5.11994908911148e-203,2.4306284623045e-201,"Down"
"YNR068C",1480.75388595531,-1.02982975542722,0.060597802668023,-16.9945065676557,9.01860648847485e-65,1.27962879479169e-63,"Down"
"YNR069C",1717.61101452433,-1.43090639466416,0.070504805758882,-20.2951611491235,1.41888781420978e-91,2.68229271225166e-90,"Down"
"YNR071C",5006.75326378291,3.7251878018633,0.0929668160899936,40.0700804710494,0,0,"Up"
"YNR072W",525.717355528771,1.63472422698806,0.109147214799076,14.9772417921735,1.03420836999455e-50,1.21828202390776e-49,"Up"
"YNR073C",6083.42704939865,4.83156634441752,0.0735129648370367,65.7240033119072,0,0,"Up"
"YOL161C",190.240140886994,1.93457177135652,0.161404568773438,11.9858550848834,4.21472678748846e-33,3.39869539415098e-32,"Up"
"YOL158C",4791.70901648744,-2.42564362845441,0.0544565282357783,-44.5427519351252,0,0,"Down"
"YOL157C",334.16839535149,1.09785082903541,0.108651690234637,10.1043143154475,5.28640745425507e-24,3.14297332073131e-23,"Up"
"YOL154W",356296.092776006,-1.07557577765744,0.0820003001143385,-13.1167297699849,2.64087068506065e-39,2.44852533120014e-38,"Down"
"YOL143C",18347.3989691659,-1.31755772525978,0.056943496848826,-23.1379841100669,1.92083587736688e-118,4.6468037278523e-117,"Down"
"YOL140W",3630.88287672662,-1.22116504161698,0.0475747371600747,-25.6683507784421,2.63836787318108e-145,8.08672560741036e-144,"Down"
"YOL119C",5485.24821020346,-1.73784114608207,0.0478782556938021,-36.2970856164051,1.79859942453197e-288,1.35194723410653e-286,"Down"
"YOL118C",588.657134233087,-1.24855468255206,0.0834920977183921,-14.9541659231425,1.46303250839817e-50,1.72022109088008e-49,"Down"
"YOL109W",15420.2622381886,1.06235430214541,0.055907149686698,19.0021188362993,1.63796548594887e-80,2.74326633376158e-79,"Up"
"YOL107W",670.663270868209,-1.38650494278638,0.0808233266574291,-17.1547621228596,5.79066748356035e-66,8.38584277321103e-65,"Down"
"YOL104C",467.24574308605,-2.51352252879079,0.133199171946447,-18.8704065653003,1.99755774365647e-79,3.31909989301236e-78,"Down"
"YOL103W-B",34.1185294044601,-1.24813332237634,0.301489216536679,-4.13989374715992,3.47466722671189e-05,7.13929348176338e-05,"Down"
"YOL085C",71.5313775686278,-1.00966711010651,0.203563798071525,-4.95995417491546,7.05098108178158e-07,1.70836126440402e-06,"Down"
"YOL083W",3334.25438121905,1.24758261535746,0.0619077498470805,20.1522849471857,2.56974753723448e-90,4.75817769797611e-89,"Up"
"YOL077W-A",6007.41235738979,2.18339640598043,0.080752312117603,27.0381905944768,5.25888880885321e-161,1.79484453724861e-159,"Up"
"YOL064C",12572.0081269336,-2.67751910491882,0.0709792139580511,-37.7225803951737,2.11843234439581e-311,1.80753808412367e-309,"Down"
"YOL058W",40563.9030138065,-2.4377461818148,0.041309463600118,-59.0118091440875,0,0,"Down"
"YOL055C",22447.8196061323,-2.3679414693478,0.174173266451674,-13.595321013313,4.26883576633128e-42,4.25804566012886e-41,"Down"
"YOL052C-A",16791.8597361104,3.37483946208451,0.0920374219002657,36.6681225137051,2.35365985442284e-294,1.83469238528714e-292,"Up"
"YOR031W",4192.94118883893,1.27373731552922,0.065382157671661,19.4814206335271,1.57838560046936e-84,2.7229307872578e-83,"Up"
"YOR032W-A",93.6822535458173,-1.72669583220593,0.189755948611136,-9.09956101426061,9.06976731900728e-20,4.59234249015333e-19,"Down"
"YOR047C",2809.42161451655,-1.92195425683402,0.059427169900206,-32.341339156172,1.83636062305804e-229,9.91006920853714e-228,"Down"
"YOR049C",2152.43452845764,-1.06610959897638,0.0536253584526011,-19.880698791388,5.97952405732987e-88,1.08803212962481e-86,"Down"
"YOR065W",2986.77628295993,1.37915218751082,0.0516687803330332,26.6921761772088,5.80177869600476e-157,1.89805340344943e-155,"Up"
"YOR092W",9632.83732153443,1.95793603637718,0.0435065225326245,45.0032758860231,0,0,"Up"
"YOR107W",2152.33795994605,-1.13574128855961,0.101853426453205,-11.1507420821174,7.10116539713447e-29,5.03783801320304e-28,"Down"
"YOR130C",2596.7121701886,-1.42784782873392,0.0564749553391517,-25.2828500732617,4.9321165382575e-141,1.4552048515214e-139,"Down"
"YOR143C",1918.31667655596,-1.06140472680938,0.0572711294976634,-18.5329805107596,1.11912818496471e-76,1.81649752181676e-75,"Down"
"YOR177C",850.816647377725,-1.12753046792354,0.0811213838492196,-13.8993002143464,6.39636664275374e-44,6.59912728469724e-43,"Down"
"YOR178C",5999.99304187648,2.80046513465698,0.053844033262772,52.0106865135832,0,0,"Up"
"YOR184W",23801.4364416596,-1.64560384293705,0.0451331716816629,-36.4610724578357,4.5931787992746e-291,3.49413625766504e-289,"Down"
"YOR186W",830.818129466803,1.42398505086445,0.0825417477307385,17.2516949302996,1.08664307236262e-66,1.58454142237819e-65,"Up"
"YOR192C",2111.65976778751,-1.37850669940297,0.0705684257245921,-19.5343269351492,5.60803398889181e-85,9.72778203457773e-84,"Down"
"YOR192C-B",53.9161956446388,-1.39994573064702,0.237455398211163,-5.89561551850709,3.73287248215002e-09,1.08414704932361e-08,"Down"
"YOR202W",365529.767138796,-1.34900304469475,0.0963862654684001,-13.995801560929,1.65354777407694e-44,1.73142630937343e-43,"Down"
"YOR214C",673.604307184088,1.44894028329934,0.108188249201299,13.3927694920305,6.66483783211105e-41,6.48409646717244e-40,"Up"
"YOR215C",3507.49655428483,1.409739581642,0.0562865845314195,25.045747461459,1.94240446667764e-138,5.60015607424777e-137,"Up"
"YOR222W",4691.52623561975,-1.7004563754156,0.0485957686173165,-34.9918608923835,2.9919300469218e-268,1.96781732461086e-266,"Down"
"YOR226C",5039.85716420688,-1.07312404154299,0.0603622953755029,-17.77805225708,1.04549465951357e-70,1.59450562322915e-69,"Down"
"YOR255W",394.143207622292,1.11771699655457,0.153138451036376,7.29873515756714,2.90485458461956e-13,1.06635185158651e-12,"Up"
"YNCO0029C",42.8339890471407,1.22351730959377,0.284185952653756,4.30534056369939,1.66729036199338e-05,3.52790594692567e-05,"Up"
"YOR302W",2321.95917494794,-1.41096321363797,0.0694531306785903,-20.3153291990179,9.41169201450911e-92,1.7953300114686e-90,"Down"
"YOR303W",35695.1762488443,-1.3136774791557,0.0465091974522507,-28.2455417663228,1.61462047099921e-175,6.25442555453313e-174,"Down"
"YOR337W",3943.06872842429,-1.4761401839869,0.0689664592495231,-21.4037403115937,1.23308189451972e-101,2.5196372433649e-100,"Down"
"YOR356W",1996.87949327124,1.35507571630828,0.0810398856867745,16.7210960976149,9.20112556214351e-63,1.27964552421529e-61,"Up"
"YOR382W",20312.5762265265,-1.95920492906928,0.173022893120755,-11.3233855574356,1.00513651275863e-29,7.33691553937342e-29,"Down"
"YOR383C",53000.5925841012,-2.59847533771916,0.198857279947231,-13.0670365118576,5.08065239855501e-39,4.67627394234349e-38,"Down"
"YOR384W",3266.05356413558,-1.0659270755062,0.0534165316826883,-19.9550034779149,1.35613576141648e-88,2.49639685060749e-87,"Down"
"YOR387C",46510.8920679241,-5.30914193360538,0.31132658540622,-17.0532880341009,3.30412182663846e-65,4.74141482122619e-64,"Down"
"YOR388C",56.2343018444746,-1.59475206581048,0.254439853686532,-6.26769762167527,3.6642544036275e-10,1.12859035631727e-09,"Down"
"YPL275W",24.0911191676507,-1.43009651506064,0.361192769651292,-3.95937193438646,7.51471278932879e-05,0.000149254157130613,"Down"
"YPL274W",20166.2723535981,-1.91408888095272,0.0496572439416394,-38.5460152239276,0,0,"Down"
"YPL271W",8409.6504636898,2.19581151478179,0.0817923950485952,26.8461574389305,9.35254396849553e-159,3.12444246651221e-157,"Up"
"YPL264C",1734.67936578623,-1.99927469123329,0.0598055875601475,-33.4295635708383,5.10062297496808e-245,2.9546177489861e-243,"Down"
"YPL258C",3233.59196921121,-1.32722813138939,0.103305149660791,-12.8476473413709,8.86659788004285e-38,7.92970240999866e-37,"Down"
"YNCP0001C",27.2285031769093,-1.42417970442964,0.349378624193281,-4.0763218062298,4.57536879108897e-05,9.30398664957673e-05,"Down"
"YPL250C",25413.184273585,-3.3619763194262,0.0682839465468063,-49.2352374085713,0,0,"Down"
"YPL230W",2902.75876550778,1.48070404463669,0.0730540480231635,20.2686104973567,2.43433450778202e-91,4.57452026254038e-90,"Up"
"YPL223C",15090.098644284,5.1250458490482,0.110679600049982,46.305243664901,0,0,"Up"
"YPL214C",6894.90653366851,-1.31198324804829,0.057081668450321,-22.9843184978052,6.68937121159304e-117,1.58784548233077e-115,"Down"
"YPL201C",231.702550226554,2.43978220018984,0.143444801698052,17.0085089965513,7.10223433934492e-65,1.0122687950028e-63,"Up"
"YPL200W",68.3232957162273,2.37142089583225,0.242067526895946,9.79652630917163,1.16524070099653e-22,6.55733492521578e-22,"Up"
"YPL189C-A",615.791182496176,1.30044283348464,0.0878382352890502,14.8049744989214,1.36038616120955e-49,1.5731645095013e-48,"Up"
"YPL188W",2855.1400825911,-1.31722622328396,0.0532397958954786,-24.7413837924916,3.8384011550299e-135,1.07237455278136e-133,"Down"
"YPL186C",4378.64192249182,2.28082765384372,0.0695711490170846,32.7841021180147,9.9218836933053e-236,5.54396226898493e-234,"Up"
"YPL171C",659.466770355705,2.08056688185072,0.0884490574005073,23.5227705415749,2.38561017269568e-122,5.90695789427472e-121,"Up"
"YPL147W",1018.83926517738,1.03576663510067,0.0741149839859825,13.9751313350695,2.2110535797013e-44,2.31135634142947e-43,"Up"
"YPL134C",3116.73385709101,1.94921014295219,0.0758811573356636,25.6876701857587,1.60532534925368e-145,4.99311539664422e-144,"Up"
"YPL130W",604.778548118983,1.78786744541937,0.108144856152816,16.532154269945,2.15308941362761e-61,2.9235713027193e-60,"Up"
"YPL078C",14970.8018726731,1.3538037142147,0.0515990821285657,26.2369727981116,1.00659147196548e-151,3.24266252754595e-150,"Up"
"YPL061W",25449.344865053,1.49094761026813,0.0601443150502525,24.7895018676726,1.16352455251379e-135,3.27968483239824e-134,"Up"
"YPL058C",2275.31472704572,-1.03588315033866,0.0549714357069477,-18.8440257565938,3.28966302512929e-79,5.45168827839011e-78,"Down"
"YPL057C",5887.72097502071,1.57668959788308,0.0508778738528219,30.989691166028,7.42231350505828e-211,3.63290600549907e-209,"Up"
"YPL054W",3617.89027131363,1.59229501633772,0.0646154655216719,24.6426301115739,4.41445245837307e-134,1.2118631661812e-132,"Up"
"YPL036W",5847.84930252514,1.31142077474281,0.0667816674801249,19.6374368030434,7.40422065436079e-86,1.30223535408451e-84,"Up"
"YPR010C-A",5577.84279027885,2.51693025344417,0.103453106605863,24.3291896785006,9.6288269064953e-131,2.52267274222454e-129,"Up"
"YPR020W",2709.35100741879,1.75094096416265,0.0803378508237156,21.794720000722,2.60379882444338e-105,5.59196795154268e-104,"Up"
"YPR027C",1125.44252901738,1.01346588734552,0.069327998189704,14.6184213277347,2.14312192757499e-48,2.40777079194101e-47,"Up"
"YPR030W",5508.91167900383,3.14398085863038,0.0715158914649501,43.9619893457001,0,0,"Up"
"YPR037C",1793.1601598463,1.20526371786843,0.0628456971180399,19.178142229923,5.63583179635199e-82,9.56576396832431e-81,"Up"
"YPR061C",658.448472823951,1.08079475762684,0.127617298884327,8.46903019477386,2.47444533534306e-17,1.1167725409118e-16,"Up"
"YPR064W",253.469323718299,-1.71255741954304,0.146167505013949,-11.7164031730555,1.05037628839271e-31,8.18774800606366e-31,"Down"
"YPR121W",8639.8529696403,-3.31412083483547,0.0740871436611184,-44.7327386515881,0,0,"Down"
"YPR145W",25073.2238132007,-1.39683356967737,0.0586974519048329,-23.7971755902126,3.57239854719145e-125,9.02244977078674e-124,"Down"
"YPR151C",146.086585926347,1.42598977245209,0.150295078895423,9.48793388933455,2.3565867083506e-21,1.25990588285569e-20,"Up"
"YPR158W-B",37.4776701457252,-1.59232054019293,0.304315198091378,-5.23247130008536,1.67258628863893e-07,4.29297147417327e-07,"Down"
"YPR158C-D",86.4316807059975,-1.60741585102774,0.208662608075285,-7.70342068401535,1.32471343206955e-14,5.23747063875211e-14,"Down"
"YPR167C",8850.6443106093,-3.72456559362966,0.081207623109821,-45.8647285931857,0,0,"Down"
"YPR168W",1254.18970546764,-1.31124718769574,0.0712071055001788,-18.4145553801853,1.00410510802562e-75,1.62146282661734e-74,"Down"
"YPR184W",7815.85103276135,1.55001464268632,0.0543326624834461,28.5282290953177,5.2325230635498e-179,2.06488441395334e-177,"Up"
"YPR191W",6905.35321954418,1.7990701251743,0.0642458713521418,28.0028908832649,1.49827848905108e-172,5.59771028394586e-171,"Up"
"YPR192W",1416.66253779913,1.90930803279489,0.21309929375881,8.95971074852967,3.2553121569118e-19,1.60453091012811e-18,"Up"
"Q0020",18.956172067054,1.66994970622139,0.431308814753639,3.87181909828404,0.000108026116375702,0.000210712665676918,"Up"
"Q0055",19.8427014698406,2.41702019245195,0.442969049516235,5.45640873801807,4.85860809477187e-08,1.29878287512234e-07,"Up"
"Q0105",22.706732609443,2.25828545191374,0.472281981919093,4.78164642813032,1.73865287523547e-06,4.04937449436988e-06,"Up"
"Q0120",34.0023845034254,2.00590264798283,0.332216726546432,6.03793393799055,1.56099942685133e-09,4.65571581537048e-09,"Up"
"Q0158",173.616921513824,2.3904506929464,0.162513907066386,14.7092069601767,5.62628968941999e-49,6.3848601429641e-48,"Up"
"gh1_1_CDS",78124.9037779694,1.16421120656218,0.0749309630444332,15.5371178917294,1.94537584637062e-54,2.43229764237308e-53,"Up"
