"","baseMean","log2FoldChange","lfcSE","stat","pvalue","padj"
"YAL067C",2109.90392461918,-1.55168276468999,0.104228547411895,-14.8873106573959,3.98478193607255e-50,4.63350149988252e-49
"YAL062W",11958.8603480201,1.28964476452215,0.0446631638076018,28.874908416198,2.46685444756416e-183,1.02471835407369e-181
"YAL054C",2844.27246909058,1.58482706624513,0.0727173011811723,21.7943603585699,2.62433133233779e-105,5.61695865504434e-104
"YAL044C",14312.1001759638,-1.33724100859224,0.0541853876418068,-24.6789968068898,1.79783228517989e-134,4.9569925976532e-133
"YAL039C",7435.77445472862,1.87820850940824,0.0677385766901472,27.7273099197171,3.27237920781673e-169,1.21540013636205e-167
"YNCA0001W",40.3646020064168,-1.51815622114488,0.292295965042884,-5.19390071266344,2.05932996475637e-07,5.23243838932463e-07
"YAL018C",642.264011888652,1.00509606249441,0.13972320206068,7.19348002100551,6.31603987440044e-13,2.26716746827541e-12
"YAL012W",18419.4378288739,-2.80325376398499,0.068999261657527,-40.6273008818377,0,0
"YAR009C",117.959549060085,-1.93524052158348,0.189030093112698,-10.2377377576052,1.34340789006131e-24,8.17963106831928e-24
"YNCA0004W",10.2007162459214,-2.71779447821428,0.678272165580185,-4.00693794634712,6.15110154082227e-05,0.000123373745644066
"YAR020C",1084.2406755009,1.86451256394372,0.0780839583790802,23.8783048739913,5.14740141709748e-126,1.31051179627232e-124
"YBL100W-B",492.931422036092,-1.23738696109571,0.10683983540958,-11.5817003681452,5.10238197009622e-31,3.91451272894138e-30
"YBL099W",22375.2430769462,1.75084372892466,0.0510648380836347,34.2866793400402,1.23959126099038e-257,7.98650941009513e-256
"YBL075C",7862.42909914686,2.50902428521583,0.0535662992309019,46.8396047746453,0,0
"YBL064C",15613.4623158621,1.49021613837659,0.0579182254312573,25.7296581046895,5.44571966293943e-146,1.70219177979206e-144
"YBL045C",11957.6224344904,1.93377298448496,0.0574950796484012,33.6337125943738,5.39562965867859e-248,3.21396279857515e-246
"YBL043W",2104.58854384712,1.0833952624102,0.100878446188166,10.7396109213396,6.63233016133824e-27,4.38497723965336e-26
"YBL042C",5584.27066596914,1.19772921543256,0.0675881763240577,17.7209873172185,2.88798877300924e-70,4.393918340429e-69
"YBL030C",7584.32427024066,2.39586342279167,0.0702694596689589,34.0953727846869,8.63794442563597e-255,5.34705697092799e-253
"YBL015W",7651.54639129061,1.39539766678794,0.0506870359450775,27.5296757991518,7.750944376378e-167,2.79654073099718e-165
"YBL005W-B",417.326188063663,-1.45993303902504,0.12892267439575,-11.3240983082893,9.96994886039133e-30,7.29435192404529e-29
"YBR012W-B",270.239757108588,-1.1652680978921,0.117222549690916,-9.94064794670137,2.7701933039847e-23,1.59298729702727e-22
"YBR021W",2299.56933030437,1.26169318688542,0.0563360743401571,22.3958307649788,4.32182359705912e-111,9.81582524886018e-110
"YNCB0009C",28.5572926720504,-1.27644961058146,0.340773664996696,-3.74574018386612,0.000179862668329623,0.000342683430245396
"YBR039W",15794.2477219986,2.04316114302161,0.0515826633340439,39.6094542422191,0,0
"YBR047W",1735.86475061688,-1.59960356343699,0.0704657001876207,-22.7004565225055,4.4336793711633e-114,1.0329982121596e-112
"YBR050C",2530.68545695729,4.22151850385327,0.0749615882308465,56.315755888909,0,0
"YBR056W-A",665.886649578019,1.03403870712422,0.101033812997875,10.2345806462433,1.38795172944182e-24,8.44270445057387e-24
"YBR072W",97484.2539055151,1.86012793435981,0.0933032729283775,19.936363173323,1.96867913719917e-88,3.61344188147545e-87
"YBR085W",2627.19017084199,-1.16353749876165,0.092075874606455,-12.6367249155631,1.32457192329874e-36,1.13787035696711e-35
"YBR092C",18891.6570927541,-3.24614960622441,0.0779964115753274,-41.6192173544977,0,0
"YBR104W",4071.18334845474,-1.43380025488923,0.0532196380891421,-26.941187621149,7.23549683879053e-160,2.44304422674457e-158
"YBR105C",14536.0256592202,1.29694890075459,0.0735285659921018,17.6387079396312,1.24270026675277e-69,1.87265142822839e-68
"YBR117C",4105.39458226216,1.51961009534329,0.0567717452761294,26.7670139072196,7.82696945014929e-158,2.60102553201277e-156
"YBR145W",8917.35515431914,-1.33896031746924,0.0655904111932819,-20.4139643754266,1.25666556963243e-92,2.41908122154242e-91
"YBR158W",9655.36938971747,-1.67097216959959,0.051166341473867,-32.6576440970093,6.24166537698461e-234,3.45700659563867e-232
"YBR183W",431.596464252638,1.10960936143401,0.101925703851718,10.8864527739566,1.33748801892347e-27,9.16927182571425e-27
"YBR201C-A",9461.24141625208,1.48937089236177,0.0642279868835377,23.1888147928783,5.90469496311398e-119,1.43946888019698e-117
"YBR203W",2457.27144140103,1.1646431684805,0.0538854027749483,21.6133332684664,1.34574258377596e-103,2.84181226553892e-102
"YBR213W",2060.39235034342,-3.31443877797137,0.0818617068051977,-40.4882686584899,0,0
"YBR230C",3735.65165518653,1.85937081104618,0.0922005308278566,20.1665955103635,1.92438858407669e-90,3.57370279995889e-89
"YNCB0019C",1890.89435433336,2.67116653667801,0.103719539625952,25.7537446300971,2.92668058765933e-146,9.19356280123432e-145
"YBR240C",6992.19965838124,-2.49740902919314,0.0905748392449207,-27.5728784065514,2.35364150922991e-167,8.5407428099297e-166
"YBR248C",9481.80579495281,-1.07899106828666,0.0510644674155728,-21.1299779062732,4.21744523710387e-99,8.53491962406212e-98
"YBR255C-A",2120.88851532668,1.1969772672417,0.0556168252264475,21.5218553444597,9.71944128274936e-103,2.03207126686356e-101
"YBR256C",11509.3537071146,-1.62131514450281,0.057088975734514,-28.3997938944036,2.03400257888386e-177,7.92758782905721e-176
"YBR269C",2735.98333671956,1.07588219539432,0.0727441251986604,14.7899530368417,1.70072428918798e-49,1.95955714633812e-48
"YBR294W",5289.18574500128,-1.34739693131663,0.0926079608691189,-14.5494719748865,5.8855583506814e-48,6.58890344436212e-47
"YBR296C",932.998239283088,1.24231489307332,0.071146591189224,17.4613410468144,2.82225645562015e-68,4.18303456825954e-67
"YBR296C-A",62.0772776812405,1.93194050773873,0.242089038778365,7.98028906012322,1.45990992779612e-15,6.06838135885759e-15
"YBR298C",4082.19755612027,1.47055677195359,0.0539637173281729,27.2508426914069,1.62407522783332e-163,5.63429175194482e-162
"YBR299W",131.608428350521,1.89702904638113,0.168492226019342,11.2588520621917,2.09469472779062e-29,1.51153171557371e-28
"YBR301W",993.544784243654,2.29801027872317,0.227901815221888,10.0833346872898,6.54658219505726e-24,3.877590992457e-23
"YCL058C",267.553669177748,1.31214662936546,0.135989963016597,9.6488490787024,4.97104902585766e-22,2.72695078620897e-21
"YCL057C-A",5639.99167773549,1.29242724824418,0.0752683009884002,17.1709369186287,4.38287912705718e-66,6.361723863963e-65
"YCL055W",1558.87795375899,-1.28847897672883,0.0579675786968144,-22.2275797212079,1.85890187147215e-109,4.16209447392736e-108
"YCL048W-A",2047.85688546336,1.11813734066655,0.102335687739064,10.9261721435594,8.64173536582571e-28,5.98288564691048e-27
"YCL040W",48196.5620560497,1.51483176801934,0.0595175900512297,25.4518330919557,6.73722098972176e-143,2.02565777757634e-141
"YCL030C",47032.5853705807,-1.26259769152386,0.0560964651622426,-22.5076159054259,3.49570170237169e-112,8.03731069137146e-111
"YCL027W",1368.31943344066,-1.38810624611762,0.0611166711535551,-22.7123994143924,3.37881627589653e-114,7.90142443185581e-113
"YCL026C-B",790.461812005797,-1.08853325791762,0.0773086227947476,-14.0803602310657,5.01534837244505e-45,5.30433997045528e-44
"YCL012C",1067.54733292923,1.07721027107557,0.0788108760945201,13.6682945864431,1.57032458503482e-42,1.58387051596004e-41
"YNCC0004C",106.919577073832,-1.63059627751424,0.177535931134028,-9.184598673061,4.13064692210446e-20,2.10669666124132e-19
"YCR020C",5713.88517888157,-3.02377123333789,0.103108439232556,-29.326127481359,4.81760277472133e-189,2.12715691745388e-187
"YCR021C",11029.8394546157,2.90271123123274,0.183801382372124,15.7926517949463,3.49570006916102e-56,4.47704872955024e-55
"YCR083W",2128.28917971172,1.42174824593402,0.0663979625408923,21.412528209106,1.02119696031348e-101,2.10027283629294e-100
"YCR099C",400.3799103172,-1.33532623017468,0.098395436927976,-13.571017842546,5.94901431834982e-42,5.88747279091861e-41
"YCR100C",644.558487927063,-1.54047850187954,0.0844992058603376,-18.2306861489998,2.94601694433453e-74,4.67365602676589e-73
"YCR101C",345.898683813708,-1.36788753280133,0.104157273424853,-13.1329045761575,2.13314799451944e-39,1.98360772273869e-38
"YCR102C",629.136715764252,-1.05865039588914,0.107561683152844,-9.8422632005936,7.40265198993036e-23,4.19572214222803e-22
"YCR104W",127.082177420641,-1.00432737468705,0.168261442858123,-5.96885036540362,2.38931107966394e-09,7.02006056630905e-09
"YDL246C",45.8518651435775,1.74919224498745,0.26814619456106,6.52327827307328,6.87870707021327e-11,2.20916360332282e-10
"YDL223C",7499.67787599871,2.32669535212039,0.0869393585481593,26.7622787995559,8.88607371150284e-158,2.92222236533484e-156
"YDL222C",2406.0122516005,1.95282090150349,0.0649743633037816,30.0552525982172,1.86416133465977e-198,8.59147055988452e-197
"YDL218W",841.153263100197,2.12361351359656,0.111616881772767,19.0259168673058,1.04051309628054e-80,1.74728715157323e-79
"YDL204W",4196.79473848892,3.05544591236625,0.0615978831569311,49.6030992588167,0,0
"YDL198C",6256.52394548169,-1.45452022415365,0.0611822305400115,-23.7735730017629,6.26903522167306e-125,1.57074160276364e-123
"YDL182W",15772.6811261361,-1.54757497897889,0.0612057436481793,-25.2847998690222,4.69450672084622e-141,1.39160166363489e-139
"YDL181W",4265.43381834565,2.16481535810009,0.0866549113114415,24.9820272773652,9.58649603221256e-138,2.73887492974616e-136
"YDL174C",6029.81164196917,1.72079539578446,0.0718338726222604,23.9552084966001,8.15464369517506e-127,2.09302521509493e-125
"YDL170W",7333.07291240429,-1.69712929547192,0.050748272089746,-33.4421099593426,3.35177185096867e-245,1.95954513583483e-243
"YDL130W-A",7004.58258092408,1.78557944748787,0.0706011943720947,25.2910657300952,4.00560791049763e-141,1.19299095975859e-139
"YDL085C-A",1500.60744295904,-1.03579426529011,0.0903843654569147,-11.4598831341451,2.09797692904598e-30,1.57323353087843e-29
"YDL085W",2464.61544738092,1.64861103192795,0.0664616331843949,24.8054547102981,7.82878543052841e-136,2.22661942379984e-134
"YDL079C",4382.02586496991,1.30604456431478,0.0655366779443788,19.9284523610309,2.30582671612413e-88,4.21999706829211e-87
"YDL066W",12978.4094827022,-1.43389975535179,0.0613453791165084,-23.3742096960311,7.82020025343533e-121,1.92877907813245e-119
"YDL059C",2379.85022741111,-3.18033410403965,0.0843571682861605,-37.7008162869001,4.81633926207179e-311,4.05471548009617e-309
"YDL054C",3339.2094446693,-1.22394000483455,0.0510058238523144,-23.9960834350686,3.05532361861135e-127,7.87400543996411e-126
"YDL049C",3084.09783350503,3.18528872443306,0.0680373274820701,46.816781938892,0,0
"YDL048C",5699.90703424631,2.04728840635684,0.0579570475115961,35.3242356927726,2.49367192639082e-273,1.71141788513387e-271
"YDL004W",7801.91603652453,1.95847569634198,0.0616775124955551,31.7534805976996,2.8427090346811e-221,1.45925730446963e-219
"YDR019C",13155.5628993914,-2.43317822042278,0.0592791316712832,-41.0461177791086,0,0
"YDR034W-B",308.091420437234,1.50921387578781,0.113290966403795,13.3215729699809,1.73414889754364e-40,1.66911831388575e-39
"YDR046C",11208.9652828017,-1.01352780565455,0.0515398598773916,-19.6649313379127,4.30750157867444e-86,7.59708518652246e-85
"YDR059C",2365.21215626384,1.05176004766274,0.055397313935611,18.9857589284061,2.23680971776918e-80,3.73630067671815e-79
"YDR070C",10923.0271605332,1.99317148551864,0.0622229605621844,32.0327330540099,3.81954239586881e-225,1.99310666838972e-223
"YDR077W",187538.75786836,1.23446699698386,0.048065783427613,25.6828643777952,1.81657243609167e-145,5.62246978504059e-144
"YDR098C-B",62.0314414740803,-1.52960521248585,0.231428923593927,-6.6093951816055,3.8589333462328e-11,1.25853848905547e-10
"YDR119W-A",3444.07483279259,3.98610298387998,0.0749596013179103,53.1766833574069,0,0
"YDR126W",1894.09042174274,-1.24400956540239,0.0555206364450908,-22.4062554944358,3.42016602925944e-111,7.82424938722613e-110
"YDR148C",9571.19331304223,1.55070954300018,0.0549898121635281,28.1999425346044,5.85705516315247e-175,2.24129977576635e-173
"YDR150W",5415.62898095437,1.20452532804736,0.0674032618832353,17.8704308128885,2.00440427816002e-71,3.07927216844341e-70
"YDR155C",98725.0240891386,1.01040595412848,0.0474735776640017,21.2835434750614,1.61280814106152e-100,3.28492600085884e-99
"YDR158W",21079.4916924971,-1.18776807753894,0.0431989209756334,-27.49531818651,1.99718529102382e-166,7.08439771209237e-165
"YDR170W-A",991.028215491424,-1.67874833738702,0.0721290965350107,-23.2742182840481,8.08990970621954e-120,1.97983294128179e-118
"YDR171W",9934.05423292981,1.08907766208529,0.0887666896240892,12.2689903915234,1.32900138908343e-34,1.11143241995666e-33
"YDR178W",7520.44194538898,1.96179904219013,0.06655413912028,29.476739810948,5.72084991119144e-191,2.58010330994734e-189
"YDR210C-D",135.561347920473,-1.73355977195389,0.162648688806717,-10.6583076978503,1.5947274915115e-26,1.03912377517065e-25
"YDR216W",3240.89163918343,1.43255269857055,0.0655775479206844,21.8451702449016,8.64025843344048e-106,1.86193145900147e-104
"YDR218C",1316.7248160004,1.21476358364552,0.0722362544377059,16.8165361438153,1.84643634307124e-63,2.58501088029973e-62
"YDR247W",2194.09609254431,1.6202998966835,0.0660760251036002,24.5217519386653,8.65944148407204e-133,2.34659714722879e-131
"YDR253C",2715.05034853146,-2.98975764530153,0.0962394828518803,-31.0658116264298,6.97812977134054e-212,3.44218057626908e-210
"YDR261C",2834.01939193054,-1.15857822694756,0.054850813502173,-21.12235266851,4.95640620422305e-99,9.99832229184163e-98
"YDR261W-B",185.469109510609,-1.04612611187943,0.14332615906908,-7.29891960179595,2.9008758404783e-13,1.06489128237093e-12
"YDR261C-D",112.519847822208,-2.1941897068792,0.191340386199615,-11.4674677440554,1.92201495586807e-30,1.44299672192045e-29
"YNCD0020W",21.8570934163535,-1.45784095881271,0.388824105818212,-3.74935848111818,0.000177287508543582,0.000338083155827295
"YDR277C",8555.50226484286,1.87949756838401,0.0547419376829102,34.3337785971498,2.459627878835e-258,1.6010402502025e-256
"YDR298C",8898.57735085367,1.64089521155133,0.0583058465856148,28.1428931683872,2.92777689213298e-174,1.11361345162215e-172
"YDR309C",3371.04332066947,-1.14735670437305,0.0563531847915224,-20.3601040228281,3.77780828165019e-92,7.25017674478399e-91
"YNCD0023C",26.4536491896596,-2.71843634349987,0.426641254913983,-6.37171467172799,1.86926410218539e-10,5.85152877600325e-10
"YDR322C-A",3050.31663577418,1.7732944868377,0.0791750614379477,22.3971343328543,4.19722726642789e-111,9.56725377625476e-110
"YDR342C",2750.07896579912,4.38891610708892,0.261044552856699,16.8129005530264,1.96325464096482e-63,2.74247562014422e-62
"YDR343C",8653.79097248271,4.17503248354986,0.085906107082254,48.5999497049997,0,0
"YDR344C",89.5492761107373,-1.29921066637258,0.184448153743052,-7.04377159655641,1.87104759188434e-12,6.58516972974231e-12
"YDR345C",47662.6620286044,-5.28191400558353,0.0586179823169623,-90.1074004393888,0,0
"YDR354W",11672.0766824293,-1.70945428959071,0.0601431096250455,-28.4231111468643,1.04781796798781e-177,4.10926872663044e-176
"YDR365W-B",50.8564394699852,-1.78263581142022,0.270405426724712,-6.59245575435526,4.32610136029342e-11,1.4052165214334e-10
"YDR377W",7866.68665151607,1.79099843536046,0.061139066910222,29.2938464041396,1.24227966612974e-188,5.40948538754703e-187
"YDR399W",12817.1789117339,1.2179751455824,0.0584789157265706,20.8275945347084,2.43381411882041e-96,4.81727346276868e-95
"YDR461C-A",2064.54524450282,1.3355576675023,0.070567414087711,18.9259828317116,6.96776638775725e-80,1.16080414174932e-78
"YDR502C",20409.0804223782,-3.12903892043066,0.0969476427129779,-32.2755544422514,1.54131321730104e-228,8.24733191020234e-227
"YDR513W",3639.6182027805,1.00097933438774,0.0625518689521619,16.0023889158814,1.2296477519786e-57,1.60082389814287e-56
"YDR516C",10229.035383231,1.64546072322125,0.0608108403213693,27.0586743173655,3.01956238287543e-161,1.03616939594975e-159
"YDR529C",8772.13416567174,2.46265204231739,0.0726730536415497,33.8867285591726,1.04497019205995e-251,6.34417480064092e-250
"YDR536W",2188.78083902692,1.97806665288596,0.0623012094165545,31.7500522286868,3.16996965729186e-221,1.61412809807587e-219
"YDR541C",4695.16996312854,-1.2711274552972,0.0521890053919658,-24.3562306993665,4.97986378781449e-131,1.31125458370524e-129
"YEL073C",1828.97941746436,-2.06325178459049,0.0842130440314877,-24.5003824326672,1.46334291106205e-132,3.94852441899393e-131
"YEL072W",2552.54056990942,-2.70933656756775,0.0922921976105522,-29.3560738362782,1.99890427869677e-189,8.88808564485308e-188
"YEL071W",105556.949399427,-1.62389052704024,0.045624610141486,-35.5924252723346,1.83490068140628e-277,1.316541238909e-275
"YEL070W",17520.7172249397,6.56350681353466,0.108876431506525,60.2840001524234,0,0
"YEL069C",1576.77061020829,4.26629180182625,0.121433216695192,35.1328237687636,2.12673171941629e-270,1.44389076090263e-268
"YEL065W",10219.7648063127,-1.85267515854857,0.0831947862266422,-22.2691257779238,7.3623544689816e-110,1.65430270879537e-108
"YEL049W",1988.9892491637,1.60714361891876,0.193604994741217,8.3011475043139,1.03110578682462e-16,4.53055110508744e-16
"YEL040W",4495.32249419527,-1.06283278083754,0.0682277351856767,-15.5777233106905,1.03164097329193e-54,1.29498630325353e-53
"YEL039C",2582.89358596624,1.72049558672163,0.0827101460434791,20.8015058493211,4.19432130932051e-96,8.27592023345303e-95
"YEL034W",8090.10223360789,1.48079063979945,0.0996977121185579,14.8528046264344,6.67179697188129e-50,7.74369964714311e-49
"YEL033W",1103.19523217985,1.51928944979516,0.105229808396216,14.4378239678501,2.99138068876668e-47,3.31361011734611e-46
"YEL029C",2913.907534649,-1.14932445538648,0.0518784318851116,-22.1541865014683,9.50616319745297e-109,2.09135590343965e-107
"YEL026W",5839.73230331891,1.03019327564544,0.0774742056233632,13.297242189919,2.40164284395733e-40,2.30455515452075e-39
"YEL024W",3152.72409096367,2.33246869927094,0.0638162704326002,36.5497495146537,1.79955516636062e-292,1.38565747809768e-290
"YNCE0007C",176.321482778897,2.14665916210223,0.175458401824733,12.2345760577857,2.0316280584987e-34,1.69230864925604e-33
"YEL017C-A",2539.83551606282,-1.50512216283946,0.0637522094826216,-23.6089411653998,3.11962244113639e-123,7.78549252700995e-122
"YEL011W",13615.581086574,1.35498336686357,0.0670702733486473,20.2024428888196,9.31721646847746e-91,1.73536592277188e-89
"YER024W",11364.2109872792,-1.15925573073573,0.0648245321202378,-17.8829787554119,1.60052779074793e-71,2.46481279775181e-70
"YER028C",918.204394439338,-1.63583946161742,0.0719611860683173,-22.7322470764228,2.15043534030047e-114,5.06636146964819e-113
"YER037W",3797.33333408708,-1.08362386143314,0.0521953868165367,-20.7609125542456,9.76938700036441e-96,1.92161711901249e-94
"YER042W",2384.88385197374,-1.01552942277025,0.0668093806062674,-15.2004017033946,3.51459215530368e-52,4.2430468199976e-51
"YER052C",22974.2999789205,-1.90911779162183,0.0504346893602379,-37.8532675790991,1.51285040169531e-313,1.30851197757606e-311
"YER053C-A",245.11029478322,2.89567754220139,0.202410385785198,14.3059731395124,2.00809036226595e-46,2.19361289746491e-45
"YER054C",3051.29023321533,2.17501666954156,0.0720259573760188,30.1976780147005,2.54082758898965e-200,1.18835447384301e-198
"YER055C",17075.929013423,-1.66003633200093,0.046769915216949,-35.4936784533521,6.15301633703054e-276,4.36518484854054e-274
"YER060W-A",1221.8365596522,-2.04892248056505,0.0843801101732864,-24.2820550525153,3.03358614676867e-130,7.91490203747826e-129
"YER067W",5928.78711867795,2.02292981919707,0.190671118042703,10.6095240850479,2.69116314136436e-26,1.74635190900047e-25
"YER069W",21584.5311716595,-2.08396974220006,0.0474227280529889,-43.9445351999044,0,0
"YER073W",14858.4546933521,-1.10041674160354,0.0613205073598532,-17.9453300206056,5.21995689916177e-72,8.05838823014851e-71
"YNCE0016C",82.6472444785093,3.64625219938748,0.285384862869558,12.7766138775695,2.21504951950288e-37,1.95879869273686e-36
"YER084W",741.370324137877,1.08031213834735,0.0766329308796304,14.0972311243612,3.94964862805471e-45,4.2054100231935e-44
"YER085C",463.389772063739,1.60974149541324,0.110038690756738,14.6288681221398,1.83819765052626e-48,2.06887343412171e-47
"YER091C",106861.998563784,-3.54492728714684,0.0638948244981305,-55.4806639659924,0,0
"YER092W",2932.97071850391,-1.54583579437089,0.069191271018595,-22.3414857338789,1.46102417546798e-110,3.3064181519372e-109
"YER121W",430.67586675703,1.53565387008736,0.102392303483447,14.9977470751561,7.59539628679095e-51,8.98077381175993e-50
"YER124C",13933.5844564559,-1.04385368746381,0.0494448717655648,-21.1114651568534,6.24077772599162e-99,1.2549130752201e-97
"YER138W-A",93.3054419549479,-2.04153909337029,0.235365213207258,-8.67392026863608,4.17492691409622e-18,1.97161469974597e-17
"YER145C",37120.13317459,-1.39710469857058,0.167022816765468,-8.3647535446153,6.02407122787619e-17,2.6785905445641e-16
"YER150W",8579.66206999595,1.53655229511479,0.0621513884044086,24.722734834445,6.0923546245727e-135,1.69458709689656e-133
"YER175C",7150.81147699438,-2.07735749306688,0.0467946425970196,-44.3930624912859,0,0
"YER182W",2232.4807850434,1.1754687443472,0.0575040540825355,20.4414934407939,7.15169505246129e-93,1.38091139331011e-91
"YFL052W",773.253738906992,1.48899595755975,0.0814373279843972,18.2839490736365,1.11083927850143e-74,1.76721184944444e-73
"YFL051C",266.965902688758,1.68168765200329,0.12099232041328,13.8991272029419,6.41184564411962e-44,6.61509696028943e-43
"YFL036W",4156.1410035077,1.01660741931924,0.0470998410188658,21.5840944964557,2.53403735604541e-103,5.33330395535691e-102
"YFL028C",4390.56688364037,-1.21530284747712,0.0528158394766002,-23.0101965531677,3.68501473956823e-117,8.78006908137125e-116
"YFL019C",440.614806827606,-1.0599955792225,0.0976072430273884,-10.8598045221405,1.79132243971124e-27,1.2214265533841e-26
"YFL014W",42001.3289440569,1.54526092965759,0.0822662359618533,18.7836590745944,1.02749113512974e-78,1.68947370500239e-77
"YFL011W",1062.34308209808,2.27934350890214,0.0782632722898276,29.1240506844792,1.78092339899665e-186,7.54681230957372e-185
"YFR014C",6252.94263943333,1.01748400334398,0.0447931631452785,22.7151630270887,3.17285602248556e-114,7.44736539999027e-113
"YFR017C",2551.68856065553,1.54442630891701,0.0704238876105558,21.9304324330643,1.33156018648778e-106,2.87927089639857e-105
"YFR025C",3311.8200903807,-1.09363307350871,0.0524394446815621,-20.8551612273887,1.36836294486985e-96,2.71693196034851e-95
"YNCF0011C",17.5632569857881,-3.60264043385947,0.599521076597153,-6.00919729846338,1.86444119983607e-09,5.53199329688201e-09
"YFR030W",32027.3173856154,-3.79292195681123,0.0732900679896352,-51.752195909378,0,0
"YFR033C",9240.24419696165,1.83596423214878,0.0622489170730264,29.4939144081004,3.44573632210757e-191,1.56520713221491e-189
"YFR035C",60.0374791793979,-1.06571270297716,0.221076171167911,-4.82056793976104,1.43150093330644e-06,3.36003601966426e-06
"YFR049W",2804.44454209045,1.44084336734757,0.0723326076031885,19.9196934147864,2.74667361893509e-88,5.01228243640352e-87
"YFR053C",215217.517761612,4.7384368309586,0.0723808659966279,65.4653238216209,0,0
"YFR054C",138.152412393673,-1.00477872752537,0.15867502155145,-6.33230559984248,2.41524501043385e-10,7.51594726263151e-10
"YGL261C",68.5288584341092,-1.37831833501724,0.219040991745375,-6.29251321423648,3.12366727143372e-10,9.66331952564063e-10
"YGL258W",49533.5744645155,-4.95628145728294,0.26994314912403,-18.3604639471909,2.72271093971182e-75,4.3743503494505e-74
"YGL256W",72712.5427298755,1.02250526640284,0.0521948772107459,19.5901460266742,1.8765129694841e-85,3.29119524703405e-84
"YGL248W",4711.42721985046,-1.09754178934105,0.0503998993468329,-21.7766662942755,3.86170661326452e-105,8.23743768788924e-104
"YGL224C",2597.12209762677,-1.6689060007408,0.0580099826448998,-28.7692897782228,5.19743549213672e-182,2.13094855177606e-180
"YGL223C",2439.86062588679,-1.17476992742749,0.0529112985626485,-22.2026289155713,3.23940383599294e-109,7.17670028788051e-108
"YGL209W",2799.99659504652,-1.98022447300252,0.0891788842861213,-22.2050823897861,3.06731525872856e-109,6.81937624775074e-108
"YGL202W",13982.9249510904,-1.02336788782078,0.0476122431377017,-21.4937969811892,1.77947153081923e-102,3.68379778544021e-101
"YGL191W",6600.06778922135,2.13105639767312,0.0635183488443923,33.5502486516738,8.92810005241788e-247,5.26841343280061e-245
"YGL187C",5554.31940818065,3.23582864736923,0.0803598517899917,40.2667323954949,0,0
"YGL186C",6664.49293102217,-1.47323889346883,0.0532442235344479,-27.6694596272152,1.6280370837405e-168,5.97641055042879e-167
"YGL184C",3870.9764441771,-2.97801159595548,0.0700397752035634,-42.5188628504332,0,0
"YGL162W",3731.32999786271,1.84214840653182,0.0526460705063059,34.9911852644571,3.0635648050913e-268,2.03614191361541e-266
"YNCG0008W",21.7395181123787,1.66418713049489,0.395967828850813,4.20283419318366,2.63593670966432e-05,5.47477117921728e-05
"YGL158W",743.288816103966,1.37790684457384,0.125087371129246,11.0155552245968,3.21547965959242e-28,2.25834689328883e-27
"YGL157W",2202.94564311574,-2.13346965812741,0.0664656547310713,-32.09882858688,4.57796047430066e-226,2.40877020289453e-224
"YGL138C",561.144729781907,1.61510738813393,0.148794840707236,10.8545926757754,1.8965044111704e-27,1.28758374754085e-26
"YGL125W",5960.51569606542,-2.03014461017965,0.0658954839044417,-30.8085545456144,2.01284310745114e-208,9.77622413880499e-207
"YGL118C",240.497112823969,-1.4277223168728,0.126032763229416,-11.3281838808369,9.5157315279461e-30,6.9782031204938e-29
"YGL117W",17722.7414068394,-1.62876845101872,0.0532912111829531,-30.5635472503528,3.73619140632121e-205,1.78714488935698e-203
"YNCG0010W",316.973373133784,1.17741437485065,0.114761882489278,10.2596293238799,1.07117125022918e-24,6.56638376111365e-24
"YGL089C",651.105836228488,-1.85886406497485,0.0969661971809727,-19.1702275536862,6.56211380069952e-82,1.10783921223574e-80
"YGL037C",18174.555359578,1.40002275553098,0.066507339472526,21.0506504490279,2.25563167257451e-98,4.5212883748049e-97
"YGL034C",64.7922757576156,-1.19495018091031,0.23332937808856,-5.12130187248332,3.03433441525748e-07,7.57863429506952e-07
"YGL033W",227.291779308324,2.40026129084413,0.137366633312548,17.4733938873122,2.28489429487942e-68,3.39454648891027e-67
"YGL028C",12372.1231642938,-1.1755289144218,0.0603975358467747,-19.4631932899391,2.25299890108025e-84,3.87614034371137e-83
"YGL026C",19047.8519644931,-1.14290021486807,0.0457204968743863,-24.9975458055082,6.50084206763354e-138,1.86574167341083e-136
"YGL009C",50945.0103220925,-1.47984011697465,0.0470616094291988,-31.4447409453979,4.95336282503031e-217,2.50204263017931e-215
"YGR008C",7816.44545231303,1.55556294326276,0.0723434337299375,21.5024759409371,1.47599595740109e-102,3.06560476152318e-101
"YGR030C",1511.03471766229,1.11925835558037,0.0672519564800456,16.6427627412217,3.4149225139617e-62,4.68735233764221e-61
"YGR043C",5851.43495269515,1.50596337429693,0.0646622222420184,23.2896940760927,5.63867199560733e-120,1.38531420156672e-118
"YGR055W",15324.8022246287,-2.11623010880472,0.06046288353346,-35.0004826950339,2.21210074989261e-268,1.48587278030021e-266
"YGR059W",1551.566641887,1.11727208196427,0.0843283264517826,13.2490721561171,4.56816005633709e-40,4.32434221824774e-39
"YGR067C",582.415224515256,1.07647997007737,0.0893942385594029,12.0419390267757,2.13868757119767e-33,1.73346255770759e-32
"YGR087C",3221.52125848092,1.38818875190567,0.0526781255063086,26.3522807344279,4.83261746801311e-153,1.57284261304303e-151
"YGR088W",3844.1519925694,1.54133678488248,0.0567844386186225,27.1436474917796,3.00927265220522e-162,1.03828128557507e-160
"YGR138C",4181.60296901846,-2.34259321679052,0.0637487502884985,-36.7472806319964,1.28491266999197e-295,1.01411732479116e-293
"YGR142W",3600.25366582822,1.25363018823696,0.198890400366393,6.30312064296485,2.91711647403044e-10,9.04649971366808e-10
"YGR144W",126014.888738274,-5.82611666214616,0.0994041719560025,-58.6103837243861,0,0
"YGR154C",2078.23972527424,-1.66933493293705,0.0751430585415447,-22.2154243563845,2.43669156108964e-109,5.4364913486643e-108
"YGR155W",31292.0799417197,-1.72866735273498,0.0506635149018448,-34.1205570928921,3.65626462932185e-255,2.28570840292457e-253
"YGR157W",2776.32895524765,-1.01755156636465,0.0888048097704438,-11.4582934076991,2.13683769341452e-30,1.60047368875674e-29
"YGR159C",26590.4972977671,1.08759013597394,0.238110387518731,4.56758794652914,4.93368695409918e-06,1.0953340164621e-05
"YGR161C-D",57.6601695158985,-1.46405074188025,0.239274419127073,-6.11870983626849,9.43360004050947e-10,2.83907295785399e-09
"YNCG0037W",33.3403036974077,1.40606381490274,0.306474900531698,4.58785960110726,4.47813627397411e-06,9.98762007554664e-06
"YGR174C",1911.39259767719,1.9439580562872,0.0701300502951714,27.7193307021062,4.08374632675378e-169,1.50788153842827e-167
"YGR174W-A",377.869119949376,2.41537401643137,0.117635795122342,20.5326449650752,1.10020171062294e-93,2.14403506199791e-92
"YGR183C",4388.11235752159,1.9004541610027,0.0746131514910894,25.4707665206939,4.15717800132608e-143,1.25590535408483e-141
"YGR201C",10422.8522180534,2.38705975060472,0.0673999005834905,35.4163690144882,9.55956628413097e-275,6.70656683533366e-273
"YGR204W",40574.432643967,-1.44882845078938,0.0500049608219944,-28.973694348984,1.41171831177959e-184,5.90303935137505e-183
"YGR236C",916.643399410597,4.01099827269281,0.117350263923978,34.1797124145476,4.84106948524494e-256,3.05665127298365e-254
"YGR243W",4793.0780477182,2.52011281711237,0.0989297135079798,25.473770495748,3.85049168061565e-143,1.16884636881765e-141
"YGR244C",9982.25850646883,1.3205560068861,0.0459167870963816,28.7597650095636,6.83783479943853e-182,2.7854250918487e-180
"YGR256W",4518.31872872992,1.78498470830518,0.0609093849122255,29.3055776359827,8.80581281566669e-189,3.8611043137583e-187
"YGR267C",7678.75779017259,-1.24290160203809,0.0484008723113855,-25.6793223486122,1.98983583281023e-145,6.12869436505552e-144
"YGR273C",184.329909051251,1.54117672139446,0.168964724108162,9.12129279960164,7.42334441787363e-20,3.76171722748428e-19
"YGR282C",73253.4244540226,1.06720450891805,0.0364859432956188,29.2497442171435,4.52402222519673e-188,1.94317526053688e-186
"YGR288W",1255.53052144035,-1.00137375805136,0.0781146596810788,-12.8192808128423,1.2788115845892e-37,1.13884574684009e-36
"YGR292W",523.779132433281,4.25553759341233,0.136428052515505,31.1925407930944,1.34491222812907e-213,6.68643764441491e-212
"YGR294W",65.460622980256,1.15526212661089,0.231434078668986,4.99175459921452,5.98332456358856e-07,1.46032900249316e-06
"YGR295C",4459.84415734257,-1.10614846290142,0.0833585024179827,-13.2697736981272,3.46625934798738e-40,3.30105000349808e-39
"YHL047C",11034.3718253728,-3.43975810640783,0.0731544415827923,-47.0204957072209,0,0
"YHL044W",1622.52384345456,-1.00990134650618,0.0663088059614359,-15.2302749516184,2.22653185298709e-52,2.69833437999241e-51
"YHL040C",5073.93428250874,-2.04734903593433,0.0949310304720188,-21.5666998004177,3.69106155166565e-103,7.74264539442423e-102
"YHL037C",31.248020044811,-1.40603910966285,0.327438702831221,-4.2940528944973,1.75440647621232e-05,3.70726990990783e-05
"YHL036W",4494.03835894514,-2.52803209763245,0.102830910543368,-24.5843597443035,1.85687648849638e-133,5.05358540877851e-132
"YHL032C",7962.05842407748,1.35734672317957,0.0494433595860387,27.4525585345306,6.47576762411006e-166,2.28424563009111e-164
"YHL028W",6397.5137059625,-2.22394044481114,0.0534187976401778,-41.6321696304608,0,0
"YHL016C",1778.06274437971,-1.63964017567983,0.0661397732852706,-24.7905321448234,1.13413675326464e-135,3.21118361440043e-134
"YHR001W-A",5039.28714787758,3.44445196723099,0.0893022058431026,38.5707378077832,0,0
"YHR008C",9945.11855268648,2.11458255556634,0.0499717685126481,42.3155437260765,0,0
"YHR018C",61086.3495218047,-2.848689091302,0.0564434581562617,-50.4697831131379,0,0
"YHR021W-A",554.325530294629,1.38243079042726,0.104095576424935,13.2803990131526,3.00787088488442e-40,2.8731765154554e-39
"YHR022C",1170.9189333221,1.13598892801307,0.104541317915931,10.8664110101098,1.6662721521459e-27,1.13738836417829e-26
"YHR029C",4286.19080615971,-2.18093870252007,0.0538943437138158,-40.4669312627883,0,0
"YHR033W",16382.1816909506,4.10770897763904,0.0749721092647116,54.7898280830746,0,0
"YHR043C",3890.47806544362,1.25261292565971,0.0726405412123793,17.2439921943512,1.24158950381197e-66,1.80631247167483e-65
"YHR050W-A",410.672525004759,1.53186738434638,0.109624934902181,13.9737130581949,2.25553954815643e-44,2.35396309207599e-43
"YHR051W",4021.3704307859,1.83152699898568,0.0696192161854599,26.3077796524834,1.56236900741378e-152,5.05887072451826e-151
"YHR071W",13605.9069409812,-1.26878544276499,0.0813060850875149,-15.6050490120058,6.7258059347566e-55,8.47639494452159e-54
"YHR087W",3142.86980120377,1.37194481852209,0.100932556894304,13.592688630278,4.42520836383402e-42,4.40706082164795e-41
"YHR092C",2095.09566255045,-1.91542560322737,0.0923016182821668,-20.751809544356,1.18063276949554e-95,2.31506686540212e-94
"YHR094C",8652.28575033179,-4.77994258605895,0.0773703847318446,-61.7800028088989,0,0
"YHR096C",11251.2187078262,2.21826712669945,0.0546443261634439,40.5946469184103,0,0
"YHR112C",11354.4213380208,-2.02727727150804,0.0737207369576672,-27.499416787873,1.78405600093432e-166,6.36414101124252e-165
"YHR122W",2655.53644743069,-1.0476052872002,0.0515435866315529,-20.3246486258078,7.78443058684201e-92,1.48942105228244e-90
"YHR126C",1416.03801397954,2.78519508549232,0.0875362132910204,31.8176327348401,3.69217930447889e-222,1.91085410889178e-220
"YHR136C",178.988437575284,-1.22381520651357,0.149049634214298,-8.21078973433787,2.19738390839087e-16,9.50293287505476e-16
"YHR138C",5046.59823370691,1.77775231483327,0.0604998020716217,29.3844319148137,8.68273883931893e-190,3.88814276818863e-188
"YHR139C",95.8267921191399,2.28982823976063,0.215140356587593,10.6434156570171,1.87140691324164e-26,1.21815085053688e-25
"YHR143W",13480.3457987189,-1.32161261026719,0.0542618664306386,-24.3561951920061,4.98417960230055e-131,1.31125458370524e-129
"YHR162W",40993.1527019778,-1.25683287133337,0.0437950793335195,-28.6980384659659,4.0364486441943e-181,1.62332081142948e-179
"YHR176W",2805.12488368785,-1.5432417311531,0.0821558620191922,-18.7843167027155,1.01484140264678e-78,1.6730309703164e-77
"YHR185C",335.254327417382,2.59219723010508,0.308224474350336,8.41009538768398,4.09677413738899e-17,1.83194276936785e-16
"YHR208W",34167.2471545941,-1.16230546282669,0.0475210653731818,-24.4587416906404,4.06236787222605e-132,1.08685554005234e-130
"YHR216W",5594.42064560305,-1.74561302762245,0.271378273940687,-6.43239785659473,1.25606438978987e-10,3.97932290874723e-10
"YIL165C",1361.69366686185,-1.8042516928904,0.0654232852015475,-27.5781273797562,2.03608893637998e-167,7.43113615277642e-166
"YIL164C",1904.8562947097,-1.9686305611043,0.0639786949874726,-30.7700955996331,6.58582539717694e-208,3.17426729448666e-206
"YIL163C",174.585806331566,-1.93793917083508,0.148552992822048,-13.0454401087465,6.74662722219211e-39,6.1647184198149e-38
"YIL162W",12839.795625925,3.1185100412552,0.238751130205454,13.0617603299788,5.44538837388672e-39,5.0046844530889e-38
"YIL160C",711.914848983949,1.99169586174078,0.10623978407041,18.7471753558985,2.04150147511487e-78,3.33938868235111e-77
"YIL155C",2146.912625686,2.34905268101331,0.0781445575303806,30.0603491177241,1.59911749751965e-198,7.42413814657286e-197
"YIL136W",12619.0996026256,2.33834540026087,0.05153305176981,45.3756437850002,0,0
"YIL125W",9791.61818064732,1.26068789301099,0.0546873935081261,23.0526235049703,1.38442757150425e-117,3.32367896824252e-116
"YIL121W",12681.4007579792,-1.65739427404465,0.0412843233052591,-40.1458505638997,0,0
"YIL119C",3716.96047051052,-1.03496773114456,0.0674636653841098,-15.3411132533622,4.06169147282388e-53,4.96044873489555e-52
"YIL117C",3153.23172707409,-1.44295444336106,0.0586261430742156,-24.6128155068023,9.21061185720403e-134,2.5175672409691e-132
"YIL116W",13727.6981178302,-1.31925001523439,0.0543378722374284,-24.278646934682,3.29575625236208e-130,8.5635411429688e-129
"YIL101C",2848.95071092811,1.81149532299324,0.0720057087855873,25.1576625457207,1.16510108544571e-139,3.42160383883916e-138
"YIL074C",23114.6767706992,-3.181255606039,0.0815753015078055,-38.9977793184694,0,0
"YIL073C",1978.86286494071,-1.66994794895832,0.0708311079064074,-23.5764764708312,6.71949642759779e-123,1.67035041117529e-121
"YIL057C",1425.47516780843,6.01203222219552,0.246522854658631,24.3873219402744,2.33119805621088e-131,6.18453131383004e-130
"YIL046W",8701.73989135182,-1.13871624877035,0.0466404712913774,-24.4147672019959,1.19192334308903e-131,3.17544472078656e-130
"YIL045W",5219.01612176027,1.02401089540318,0.0661627345836314,15.4771549550874,4.94879406677693e-54,6.11481129894903e-53
"YIL024C",1318.3466088191,1.53088743313935,0.0640089170810607,23.9167838318626,2.0489650907006e-126,5.23771885938607e-125
"YIL009C-A",1598.07116268895,-1.33652703272415,0.0648795034300047,-20.6001427579677,2.7363524888198e-94,5.34901845647313e-93
"YIR017C",6331.96601008825,-2.58896373496538,0.0899582034515181,-28.7796291570082,3.85857070593519e-182,1.59235395014868e-180
"YIR034C",9022.51271298906,-2.06748177615411,0.047453408861879,-43.5686671567023,0,0
"YIR038C",9898.09532388086,1.10228242304917,0.0627883517433668,17.5555241130473,5.39665426809094e-69,8.07452015372659e-68
"YJL218W",416.698478942894,-1.09604810309851,0.106110839882808,-10.3292755415847,5.19514584959672e-25,3.22538356876634e-24
"YJL217W",4089.09079510298,-1.0785310104458,0.0611299544301366,-17.6432490503231,1.14673780552827e-69,1.73217763256113e-68
"YJL213W",2703.85898034735,-3.06374488036539,0.0584156682349492,-52.4473137590917,0,0
"YJL212C",2285.81354888704,-1.3647724378467,0.0616022777874667,-22.1545775069436,9.42400618570088e-109,2.08053059638166e-107
"YJL166W",5164.21443699744,2.20281933404834,0.0597923566160691,36.8411525940146,4.05263837994135e-297,3.23903275075313e-295
"YJL160C",709.63732210143,-1.02300838070332,0.0789427239246127,-12.9588685295462,2.09312127273542e-38,1.89612162353679e-37
"YNCJ0004C",99.3718209181629,1.69345003519051,0.222163860659834,7.62252704000061,2.48756989310953e-14,9.76166333442732e-14
"YJL116C",17570.672262917,3.12971934934215,0.0672919600844136,46.5095584289135,0,0
"YJL103C",1806.4788332014,1.35800997523014,0.0603357416856898,22.5075541841268,3.50057085861126e-112,8.03731069137146e-111
"YJL102W",896.548164420282,1.66210089748098,0.0735585683362697,22.595612381725,4.78635820053357e-113,1.11106859110915e-111
"YJL101C",5865.13138146754,-1.85979589322059,0.071633220535526,-25.9627569347973,1.3051101229336e-148,4.14093734482551e-147
"YJL089W",1199.04765071474,-1.63391324382655,0.0935959925415177,-17.4570854954262,3.04066874964916e-68,4.49620198718613e-67
"YJL088W",8929.75704030349,-2.47560760005253,0.0508360329231894,-48.6978911944809,0,0
"YJL071W",2454.87615139802,-1.15447056784948,0.0523805320699029,-22.040069511108,1.18954551139709e-107,2.59888939756445e-106
"YJL060W",10473.0354223306,-2.72677093947477,0.0839417890671073,-32.4840698510114,1.79010241980403e-231,9.74371265400229e-230
"YJL026W",27244.8992230331,1.5087228003668,0.0596020778222819,25.3132584549389,2.28255869110337e-141,6.83036757138705e-140
"YJR004C",4766.21257269213,-1.76086149059338,0.0517681184133269,-34.0144000702192,1.3646318428311e-253,8.36532568508309e-252
"YJR005C-A",109.187102221549,-1.99883079818205,0.184657630704319,-10.8245231489115,2.63446866091312e-27,1.76957820478781e-26
"YJR010W",34737.8883891448,-5.11283355525164,0.0988578206570097,-51.7190599719043,0,0
"YJR027W",152.301942384466,-1.71077139079348,0.15906876015872,-10.7549174903134,5.61842786900785e-27,3.72633966018021e-26
"YJR048W",212.268803684998,1.46886576051238,0.187689414550441,7.82604476672614,5.03458126477038e-15,2.03510538449169e-14
"YJR070C",13851.762539539,1.13408869907784,0.0641527873005389,17.6779333649983,6.20285250622265e-70,9.39204094107669e-69
"YJR077C",14099.9822389652,2.08039267769558,0.0576597235516194,36.0805177262622,4.58394835646488e-285,3.4050646967905e-283
"YJR109C",21928.3102363847,-1.94675735211792,0.0653021512787772,-29.81153475032,2.76898893808583e-195,1.26691276486043e-193
"YJR111C",3957.75760952352,-1.47188777339577,0.0502853379744166,-29.2707145399842,2.44755604856861e-188,1.0584841705933e-186
"YJR115W",514.404753924325,2.49365552994117,0.0993003595086181,25.1122507741248,3.65476503840286e-139,1.0585406629576e-137
"YJR120W",764.169788628053,1.31852446176836,0.0762318861486395,17.2962329594923,5.02170059979633e-67,7.33958740442454e-66
"YJR121W",36250.2444051956,1.4419877628199,0.0407902165721705,35.3513142120384,9.57046421940944e-274,6.64042978915947e-272
"YJR130C",5366.95358353396,-1.1428112074356,0.056430017307421,-20.2518315954036,3.42274158101252e-91,6.41281612537479e-90
"YJR137C",32631.6272504125,-3.933746882231,0.0771804635554164,-50.9681686403261,0,0
"YJR139C",21170.4596898026,-1.2473035988601,0.0630274955174707,-19.789832812163,3.64248002670569e-87,6.53369854790333e-86
"YJR147W",1855.19505654421,-1.54659194100111,0.0603334314343481,-25.6340788884855,6.36368842656601e-145,1.94107868238347e-143
"YJR150C",44004.0321166837,-1.50514560627973,0.0801390606309117,-18.7816726878273,1.06666274424055e-78,1.7493269005545e-77
"YJR159W",34.9709162216786,1.72528904613421,0.308137048487428,5.59909642350133,2.15471930674294e-08,5.94100336365717e-08
"YKL221W",564.37187651077,1.4545666152749,0.0929180807291142,15.654290358358,3.10558019260469e-55,3.93747657351526e-54
"YKL220C",552.127509696896,-1.2220728195751,0.0894045109671022,-13.6690286245711,1.55456517931046e-42,1.5704839267466e-41
"YKL217W",2660.03487744239,2.28853211867823,0.054558952879678,41.9460418114193,0,0
"YKL216W",16015.6475346771,-1.38464681267784,0.0640046246589994,-21.6335432018372,8.68495431413607e-104,1.84016112548507e-102
"YKL211C",10056.6464905269,-1.65026434976053,0.0442144623363379,-37.3240849839364,6.6768524858971e-305,5.54705876262556e-303
"YKL201C",7342.65949753037,-1.48518881563323,0.0590553396217211,-25.1491029455864,1.44549233396905e-139,4.22538823920398e-138
"YKL178C",2947.43676030599,-1.5026760570087,0.0623914646406676,-24.0846414756103,3.62129656733992e-128,9.37084693696075e-127
"YKL175W",19951.7874986763,-1.43000154858175,0.0749670690950243,-19.075062768816,4.06933584177715e-81,6.85167640132825e-80
"YKL171W",2836.63044652322,1.1495014963892,0.05975315496838,19.2375029736504,1.79657162486278e-82,3.07413366920964e-81
"YKL163W",26607.5665284343,1.82153818391276,0.0554946035569658,32.8236993718305,2.70362523197031e-236,1.52416872452326e-234
"YKL150W",10456.2188198588,1.80302040941745,0.0631033159262926,28.5725145018284,1.47547712490047e-179,5.85922174001358e-178
"YKL148C",11873.8238746013,2.54366268530863,0.0640090963783018,39.7390813061203,0,0
"YKL141W",10674.4445565452,1.94890014989569,0.06946626405017,28.055347103281,3.43746224224003e-173,1.2996488980541e-171
"YKL128C",2976.31099412016,-1.64121071325794,0.0573689209607192,-28.6080108493182,5.3413480862396e-180,2.13451087446309e-178
"YKL127W",2522.38142341618,-1.0279831266285,0.0521498400767954,-19.7121050633079,1.69756268488275e-86,3.01078954841284e-85
"YKL120W",13034.4723637408,-1.34431527808309,0.0543785067799375,-24.721445249009,6.29004286887197e-135,1.74190046816042e-133
"YKL109W",5297.41709259163,2.66885761251622,0.0653907074079496,40.814019580277,0,0
"YKL107W",616.320416535376,1.32853139642685,0.0837400933199569,15.864938093044,1.10826713043043e-56,1.43100177127561e-55
"YKL096W-A",29436.9831616735,2.22920458711425,0.083283888297096,26.7663365951656,7.97036284110076e-158,2.63480999888535e-156
"YKL096W",2534.86817689338,1.34609139468091,0.0991494481737685,13.5763881642766,5.52862385559912e-42,5.48002056895649e-41
"YKL093W",1866.53081279585,1.18305654075627,0.0600134037146585,19.7132051763179,1.66105316065387e-86,2.95433511447e-85
"YKL085W",16217.627601624,1.7675014704472,0.0582419370462977,30.347573588464,2.70468820130063e-202,1.27443293306061e-200
"YKL068W-A",9984.65688395287,-2.88723663441397,0.0803191396701659,-35.9470562841003,5.62680977082128e-283,4.13112522011227e-281
"YKL067W",7845.14596514128,1.09893754383646,0.0649941405573648,16.9082556429302,3.91114576738638e-64,5.49999429293487e-63
"YKL065W-A",796.459162421055,3.1221009661155,0.142005053884928,21.9858440295052,3.93412217089918e-107,8.56553358174393e-106
"YKL050C",1365.55165198559,1.34574801410823,0.0701819796659508,19.1751218833333,5.97283375467183e-82,1.0110582393297e-80
"YKL026C",1901.25942466186,1.59864998629981,0.0670637248308091,23.8377750465388,1.35603097532655e-125,3.43854601534611e-124
"YKL016C",11510.8939720151,1.58439524999488,0.0588433308511819,26.9256554154269,1.10001574125781e-159,3.69441456930949e-158
"YNCK0015C",87.6870078809658,1.20411009067465,0.196545251259705,6.12637590049731,8.99032666734952e-10,2.70825012297924e-09
"YKL001C",18839.775058851,-4.38062573201098,0.104251287777616,-42.0198716523819,0,0
"YKR016W",3191.45042610809,1.03500502681283,0.0569330444737437,18.1793374371566,7.52372820739864e-74,1.18762049753788e-72
"YKR034W",1475.97686006156,1.18061628213368,0.071336321903231,16.5500021676924,1.60096891352027e-61,2.18326516629956e-60
"YKR041W",207.015692459802,-1.22086836574254,0.130854210610902,-9.32998915390515,1.05881742181618e-20,5.53424933886369e-20
"YKR049C",2962.48891827874,1.16051669155162,0.0730073118084761,15.8958967643688,6.76533510794422e-57,8.75334546548357e-56
"YNCK0020C",298.53209598464,1.08733660218349,0.117428110409697,9.25959379223479,2.05211414806895e-20,1.05771826374754e-19
"YKR069W",13342.0657870043,-3.39800159355839,0.0711734162917968,-47.7425669666784,0,0
"YKR075C",5669.42209810856,1.99860926458758,0.098428697156159,20.305148014067,1.15794725788173e-91,2.19557927515473e-90
"YKR097W",12090.6081806289,4.62765931219969,0.0574768958290554,80.513382733177,0,0
"YLL062C",1611.93543114262,-1.58082339925335,0.0802663401099265,-19.694723804379,2.3929844555252e-86,4.23229799781123e-85
"YLL061W",2597.74359943685,-1.69004562991516,0.0756574151444998,-22.3381360133346,1.57478562563853e-110,3.55114158581489e-109
"YLL055W",3678.98010167158,-1.66483324040347,0.0998023180855285,-16.6813083337076,1.79249725994096e-62,2.47654873069305e-61
"YLL053C",411.018071858475,-2.07567346739977,0.105228043969523,-19.7254780104146,1.3031969171227e-86,2.3244026369245e-85
"YLL052C",359.101005679187,-2.11613378874062,0.108367464859566,-19.5273903609624,6.42393450977868e-85,1.11125267108884e-83
"YLL041C",13328.7039400655,2.40855741969875,0.0625595254888689,38.5002507751965,0,0
"YLL026W",27458.4607248327,1.31165586524393,0.0773111504507916,16.9659338607152,1.4674802652097e-64,2.07750457276548e-63
"YLR004C",23052.8688045967,-3.7434633850793,0.0907076981091757,-41.2695224673618,0,0
"YLR023C",11971.7600977868,1.54608505538892,0.0998383127291696,15.4858892656066,4.32046890254654e-54,5.34890993150566e-53
"YLR034C",5196.03562920799,-1.65429430915394,0.10622098258828,-15.5740821525452,1.09209396006582e-54,1.36815104441579e-53
"YLR037C",682.83050800131,1.00888795366042,0.0853872779862961,11.8154364145715,3.24857621070455e-32,2.56393877429857e-31
"YLR038C",3182.30239820681,2.69487582739272,0.0979061333844538,27.5250970928511,8.79356677058727e-167,3.15469207894818e-165
"YLR042C",983.950591666654,-1.0530797098293,0.0747069848426453,-14.0961345454831,4.01148609776118e-45,4.26406114836096e-44
"YLR058C",46520.1178604,-1.92039091778493,0.0583077829664103,-32.9354130801238,6.84333491041209e-238,3.92807423857654e-236
"YLR069C",2246.52322159587,1.02775027084416,0.056439779200622,18.209679155386,4.32473747278022e-74,6.8437073692066e-73
"YLR070C",651.851393311207,1.02371942582059,0.0824027564900214,12.4233638463849,1.95178810769371e-35,1.65862585625547e-34
"YLR092W",21544.9879758528,-3.99170004318454,0.0890799619593611,-44.8103025123157,0,0
"YLR106C",6034.27502809892,1.05670932550374,0.0872432318466906,12.112221236378,9.09960748539545e-34,7.50064251472413e-33
"YLR111W",62.3162400956658,-2.24062054954015,0.249673904658316,-8.97418796171947,2.85449542393668e-19,1.41137698564888e-18
"YLR130C",22314.1411166064,-1.71869189975721,0.0588166743700254,-29.2211676053739,1.04419039317706e-187,4.45474198818914e-186
"YLR134W",20000.1869358015,-5.12975588202911,0.0793531467786711,-64.6446434737723,0,0
"YLR136C",6848.01828174977,-1.1380476011909,0.198534567791817,-5.73223904455899,9.91134523749239e-09,2.80251830853233e-08
"YLR146W-A",548.873123660988,1.12652015465895,0.086964692356077,12.953764615718,2.23708500243468e-38,2.02363247927973e-37
"YLR179C",38180.2545647354,-1.95040373865189,0.0484297845250949,-40.2728147105681,0,0
"YLR180W",29242.9578423481,-2.80361198726451,0.0647478308103167,-43.30047743959,0,0
"YNCL0032C",30.4559957884825,-1.34697752536313,0.356846492097961,-3.77466937518154,0.000160220018582594,0.000307112688928505
"YLR227W-B",210.098048084166,-1.81196613032484,0.132408143455677,-13.6847030932912,1.25317979116419e-42,1.26804121817479e-41
"YLR237W",35988.0306733697,-1.50610106710593,0.0784763105263024,-19.1917924913295,4.33428749649654e-82,7.3764666449809e-81
"YLR295C",7748.23373602756,1.82047689397855,0.0664418943447756,27.399533260323,2.77786861543203e-165,9.69031073913691e-164
"YLR302C",34.3721527038975,-2.797828650595,0.377498617468949,-7.41149376745767,1.24884668659329e-13,4.68800117666469e-13
"YLR303W",108231.694202733,-5.18941148935327,0.18063094730746,-28.7293598727584,1.64037293806497e-181,6.63930431470656e-180
"YLR308W",240.072130945668,1.15003903929412,0.192912784538156,5.9614454378821,2.50016401439055e-09,7.34234213342416e-09
"YLR327C",22389.4332676311,3.91355128585805,0.0888116320432517,44.0657512515042,0,0
"YLR364W",1291.98528961549,-1.81364510863133,0.100575774338593,-18.0326238655206,1.08040835994227e-72,1.68022127701367e-71
"YLR367W",6264.64153765845,1.36076532658903,0.0548974851934247,24.7873891088915,1.22618873343998e-135,3.44095807241779e-134
"YLR395C",3229.88149142169,2.42015653871659,0.0833730164031889,29.0280553963983,2.91247941349015e-185,1.22595966778512e-183
"YLR420W",4107.25989941277,-1.39272452374741,0.0496564101961216,-28.0472252876667,4.31824753312577e-173,1.6229413645331e-171
"YLR452C",1877.19985587668,-2.15628833565828,0.0636754221049582,-33.8637462364051,2.27777084074554e-251,1.36969953223499e-249
"YLR461W",109.920784774028,-1.24066213086919,0.173552076087907,-7.14864471134746,8.7638830518557e-13,3.12468376981529e-12
"YML128C",12264.8665471757,1.30947201302671,0.0596014708771637,21.9704647176489,5.52008661615881e-107,1.19772601011776e-105
"YML120C",5015.02582561159,1.98473544820626,0.072359645006005,27.4287615430058,1.24526971147047e-165,4.36812942123586e-164
"YML091C",5710.65429173205,1.74894469510011,0.0735332186538983,23.7844164462858,4.84197090702851e-125,1.21801610784773e-123
"YML081C-A",6903.2181524531,1.99726978532696,0.0583055860150772,34.2552047210448,3.6486724469065e-257,2.32704220502704e-255
"YML054C-A",89.1660371611767,-1.02694724660821,0.182654109574725,-5.62236047685571,1.88365687965149e-08,5.22996247434298e-08
"YNCM0008C",27.020795560081,-1.34732139803314,0.332498789623782,-4.05210918078114,5.07579669974215e-05,0.000102719808853115
"YML018C",7205.95000660835,-1.55375836341947,0.0575262412261783,-27.0095582520418,1.14127735635284e-160,3.87420711183432e-159
"YML009C",1917.31606811905,1.01906975559242,0.0554029131006146,18.3937937296138,1.47302671851951e-75,2.37262517875822e-74
"YNCM0013W",81.5943657922661,1.00630281310312,0.19466631232335,5.16937317552717,2.34880466235104e-07,5.92266479156727e-07
"YMR015C",8266.96305400135,1.54440696848938,0.257472071750104,5.99834754112027,1.99335544938647e-09,5.89786612344245e-09
"YMR018W",556.858635671058,-1.14041067437777,0.0897931904786499,-12.70041378749,5.88178913792139e-37,5.12242987818423e-36
"YMR020W",4536.13680166823,-1.0471428068446,0.0615481030377336,-17.0134050468237,6.5328093168168e-65,9.33216244940753e-64
"YMR040W",968.864989914085,1.11644589233339,0.0753367501683047,14.819406064626,1.09750551004125e-49,1.27149537438541e-48
"YMR045C",241.127627713937,-1.79025282298538,0.125881929738308,-14.221682386877,6.72173086090454e-46,7.25487327448739e-45
"YNCM0020W",11.010446248204,-2.19317624692012,0.583856168224647,-3.75636392365091,0.000172399942537846,0.00032906083348971
"YMR058W",16809.8463374554,-2.05799632113916,0.167342391855392,-12.2981170420796,9.27101981721333e-35,7.81362379681732e-34
"YMR062C",16338.9411000974,-2.08731491509993,0.0489298616388093,-42.6593259246896,0,0
"YMR081C",2541.12524948112,1.80699591822606,0.0699348395025658,25.8382793337184,3.29540300621077e-147,1.04035872906074e-145
"YMR094W",1028.30934964104,-1.17387865665185,0.0703317942979167,-16.6905830907632,1.53464602621708e-62,2.129616485612e-61
"YMR095C",1900.32991708494,-1.93881229733613,0.0845303308036138,-22.9362913749918,2.0192699952521e-116,4.7751575842778e-115
"YMR096W",24633.1193167293,-2.52663961250915,0.0964650488020243,-26.1922804568792,3.25392779489948e-151,1.04290863436525e-149
"YMR101C",208.059905853842,1.31500548845275,0.127288287314746,10.3309229481668,5.10668367946143e-25,3.17358275119286e-24
"YMR105C",17553.4506100577,1.87320973221107,0.0933903960663166,20.0578411818803,1.72408242878055e-89,3.18299896354397e-88
"YMR107W",3452.97759800527,1.97896883748032,0.0787675428738364,25.1241661892396,2.70814810038764e-139,7.87983737596662e-138
"YMR110C",3443.49039062441,1.27367848191725,0.0487924209853068,26.1040230469565,3.28186335817053e-150,1.04654975977216e-148
"YMR114C",4138.40687710106,1.56781437941619,0.0476196941977791,32.9236549253041,1.00827107124945e-237,5.73533652600811e-236
"YMR118C",2639.82732674814,2.20733285563933,0.0591602258025104,37.311095853621,1.08451427678107e-304,8.89301706960475e-303
"YMR120C",24585.4556915895,-1.08679372289736,0.0673485093209198,-16.1368638126603,1.40501330686792e-58,1.85203632976284e-57
"YMR145C",1119.33516114219,1.71475694373957,0.0864831774075194,19.8276357916341,1.71933365330058e-87,3.10167791055424e-86
"YMR174C",7282.84025786102,2.92869055260119,0.0585382155027954,50.0304036849455,0,0
"YMR175W",27525.8477364629,6.46153697068028,0.0969195280882735,66.6690923710974,0,0
"YMR175W-A",1267.60342217465,5.49968409292534,0.141392612001596,38.8965449825855,0,0
"YMR189W",10357.3136043357,-2.06880803545868,0.0435834266219948,-47.467769191297,0,0
"YMR191W",3962.06204603788,1.01611014225657,0.0474638780773747,21.4080724840925,1.12364858258259e-101,2.3034795942943e-100
"YMR206W",2666.76009164022,2.57382858379634,0.0566818658595961,45.4083249512613,0,0
"YMR252C",2879.96712904279,1.03401692348936,0.0775643548200235,13.331083922359,1.52663320733773e-40,1.47387799252759e-39
"YMR256C",3109.85762422887,2.71223313310746,0.0844398476067176,32.1202987686549,2.29604494997204e-226,1.21825443816164e-224
"YMR265C",1714.55421588502,-2.61627436467721,0.0731253959885785,-35.7779172243504,2.43572309113645e-280,1.76771903418799e-278
"YMR280C",2296.71396194436,1.48832348492361,0.0674337822415176,22.0708884397601,6.01970660319683e-108,1.31973706571475e-106
"YMR301C",2822.54927178303,-1.26911021505269,0.0674664005682472,-18.810996353198,6.13733831026735e-79,1.01442811756618e-77
"YNL331C",2197.8358313364,-1.55912070268348,0.0675803804675457,-23.0706114984395,9.13636428179822e-118,2.20179404867458e-116
"YNL318C",653.228799645819,1.39697774382065,0.0992672952472113,14.0728901733614,5.57438241052888e-45,5.87590159266767e-44
"YNL311C",2351.09991404763,-1.1546932841861,0.0511930113468234,-22.5556819926702,1.18104657865991e-112,2.73154875372113e-111
"YNL284C-B",299.841327615163,-2.14958966706945,0.117567133817567,-18.2839335898504,1.11115474220691e-74,1.76721184944444e-73
"YNL279W",2082.64980722039,-1.04487262029378,0.0589909917592393,-17.7124097956893,3.36358311466071e-70,5.10520764085762e-69
"YNL277W",16639.9351954221,-3.65843105926928,0.0866953342711748,-42.198707577804,0,0
"YNL254C",11174.842036924,-1.03108848669488,0.0697300873602913,-14.7868520710049,1.78090267709383e-49,2.04820027380154e-48
"YNL234W",1232.0183424081,-1.20761218407767,0.105496464223909,-11.4469446247468,2.43580349470266e-30,1.81792709994711e-29
"YNCN0005C",855.173723479602,2.07068138085121,0.098947555561348,20.927059482206,3.03660413541994e-97,6.04830236941373e-96
"YNL221C",5678.52847803147,-1.34498246073469,0.0549131288592645,-24.4929125088047,1.7577164652159e-132,4.72264755803114e-131
"YNL195C",1322.40795813331,2.7622300038432,0.0744074905875854,37.1230098210579,1.19534069780749e-301,9.67612969994422e-300
"YNL194C",841.551185173567,1.26897043086822,0.08773737323586,14.463282681793,2.06699786543839e-47,2.29771558492571e-46
"YNL191W",2996.79714708507,-1.46047747646486,0.0517838687889447,-28.2033287705351,5.32296128590188e-175,2.04934009507223e-173
"YNL145W",267.527678583755,-1.81859738648627,0.12314405233577,-14.7680488987614,2.35430209320165e-49,2.69783365090294e-48
"YNL144C",4319.08846913349,2.48067474794775,0.0646199486455022,38.3886833701533,2.07507571253324e-322,1.81964377363331e-320
"YNL135C",15926.6416308945,1.01935709826295,0.0486514479026368,20.9522458674391,1.78987947998625e-97,3.57636045463076e-96
"YNL117W",1418.76409567863,1.47073110401126,0.120818461238994,12.1730660110127,4.32524935750256e-34,3.5886497297334e-33
"YNL104C",44843.6880277986,-1.50656607491057,0.0461435153405476,-32.6495730503374,8.12578665910845e-234,4.46141017092267e-232
"YNL097C-B",123.590778670753,-1.08907024487909,0.163981218600509,-6.64143280659648,3.10648365456359e-11,1.01681377889655e-10
"YNL066W",8488.39707249246,-1.01634872122013,0.0649402746327727,-15.6505146762534,3.29543554224835e-55,4.16981563401925e-54
"YNL054W-B",836.097323958119,-1.12328015119781,0.105132869654107,-10.684385909882,1.20443504153534e-26,7.87246672075995e-26
"YNL052W",3224.54675616532,2.98950593500115,0.0954013179541058,31.3361072898311,1.50441900528111e-215,7.5388107931309e-214
"YNL042W-B",63.2103770653641,-1.51725288423355,0.236158870978585,-6.42471264342695,1.3211885515756e-10,4.17935095924266e-10
"YNL034W",137.649143682012,-1.67663137531821,0.179172012642361,-9.35766334592041,8.1519518674003e-21,4.28214842685237e-20
"YNL024C",757.151115293867,-1.21313228707784,0.080976299840718,-14.981325270037,9.72581376403019e-51,1.14782781506704e-49
"YNL018C",248.987841167883,-2.42261027380229,0.142368132049684,-17.0165207544961,6.19437452341334e-65,8.86877114304577e-64
"YNL015W",13279.7679850268,1.08260484437553,0.0563576973067898,19.2095294185326,3.08045615613713e-82,5.25675680266212e-81
"YNR002C",1520.31692322803,1.08114798837353,0.0672717688155477,16.0713477199913,4.05180460888849e-58,5.30769591297135e-57
"YNR014W",2902.16994966384,1.71518354364445,0.0798456796887081,21.4812316750434,2.33239559014481e-102,4.81266201182167e-101
"YNR034W-A",22006.2520231477,3.84688358198353,0.215950635529589,17.8137173458628,5.53112789455019e-71,8.45606332353267e-70
"YNR044W",1926.65954762316,-2.00319194426602,0.0658906251702685,-30.4017747454901,5.20410987754594e-203,2.47058268923497e-201
"YNR068C",1480.75388595531,-1.02982967791934,0.0606006806466833,-16.9936982048684,9.14378555488738e-65,1.29739015715863e-63
"YNR069C",1717.61101452433,-1.43090639012709,0.070504638605583,-20.2952092007997,1.41750142420809e-91,2.67967185402691e-90
"YNR071C",5006.75326378291,3.72518783081108,0.0929612784732379,40.0724677198098,0,0
"YNR072W",525.717355528771,1.63472420243309,0.109144937119058,14.9775541182446,1.02936053645067e-50,1.2125713483488e-49
"YNR073C",6083.42704939865,4.83156633746277,0.0735118595164883,65.7249914400421,0,0
"YOL161C",190.240140886994,1.9345719419653,0.161402897277058,11.9859802680276,4.20836424489758e-33,3.39356473081524e-32
"YOL158C",4791.70901648744,-2.42564365042451,0.054457993283643,-44.5415540339617,0,0
"YOL157C",334.16839535149,1.0978507118131,0.108653954536622,10.1041026669955,5.29783364123958e-24,3.14976663001758e-23
"YOL154W",356296.092776006,-1.07557577561404,0.081994988610077,-13.1175794258463,2.61143416252989e-39,2.42123279033975e-38
"YOL143C",18347.3989691659,-1.31755772798713,0.0569427995217872,-23.1382675079579,1.9082583077449e-118,4.61637661114992e-117
"YOL140W",3630.88287672662,-1.22116496894536,0.0475782421414036,-25.6664583217688,2.76989234537826e-145,8.48985449937782e-144
"YOL119C",5485.24821020346,-1.73784111857738,0.0478809889710909,-36.2950130296314,1.93923194921223e-288,1.45765601515786e-286
"YOL118C",588.657134233087,-1.24855474653506,0.0834950103692172,-14.9536450263784,1.47452412678077e-50,1.7337328373359e-49
"YOL109W",15420.2622381886,1.06235430466037,0.0559067342214142,19.0022600936231,1.63356267981659e-80,2.73589250937983e-79
"YOL107W",670.663270868209,-1.38650494165333,0.0808258373394571,-17.1542292327911,5.84402565583903e-66,8.46311421811184e-65
"YOL104C",467.24574308605,-2.51352313991072,0.133192196237738,-18.8713994581504,1.96037581644381e-79,3.25731918553321e-78
"YOL103W-B",34.1185294044601,-1.24813226228821,0.30149763416046,-4.13977464786321,3.47647161714182e-05,7.14300090811371e-05
"YOL085C",71.5313775686278,-1.00966712180274,0.203570466014664,-4.95979176925401,7.05687827424429e-07,1.71082580672977e-06
"YOL083W",3334.25438121905,1.24758261558035,0.0619076664191056,20.1523121083971,2.56833789818831e-90,4.75556759212932e-89
"YOL077W-A",6007.41235738979,2.18339640762529,0.0807526459711967,27.0380788315478,5.27482622025499e-161,1.80028393268595e-159
"YOL064C",12572.0081269336,-2.67751911420122,0.0709762355578889,-37.7241634915592,1.99554004713747e-311,1.70268106184135e-309
"YOL058W",40563.9030138064,-2.43774615454173,0.0413125610580406,-59.0073840040299,0,0
"YOL055C",22447.8196061323,-2.3679414693478,0.174173266451673,-13.595321013313,4.26883576632879e-42,4.25804566012638e-41
"YOL052C-A",16791.8597361104,3.37483945101001,0.0920307460352733,36.6707822809185,2.13478698361643e-294,1.66407963142643e-292
"YOR031W",4192.94118883893,1.27373730395723,0.065380813522694,19.4818209705376,1.56609129863787e-84,2.70172143704904e-83
"YOR032W-A",93.6822535458173,-1.72669552470036,0.189761857687537,-9.09927603862073,9.09359505900044e-20,4.60440731375531e-19
"YOR047C",2809.42161451655,-1.9219542445843,0.059428472490431,-32.3406300724584,1.87900059986651e-229,1.01401793056044e-227
"YOR049C",2152.43452845764,-1.06610973757249,0.0536286552687995,-19.8794792117925,6.12664545962233e-88,1.11480228910822e-86
"YOR065W",2986.77628295993,1.37915219435324,0.0516717297025264,26.6906527475082,6.0428995356854e-157,1.97693614861749e-155
"YOR092W",9632.83732153443,1.9579360758429,0.0435098606646464,44.9998240843323,0,0
"YOR107W",2152.33795994605,-1.13574116264379,0.101846603161991,-11.1514878982989,7.04188845916896e-29,4.99578468889807e-28
"YOR130C",2596.7121701886,-1.42784783107824,0.0564770044710749,-25.281932787521,5.04801733940554e-141,1.48940100378536e-139
"YOR143C",1918.31667655596,-1.06140460603509,0.0572738870887357,-18.5320860864679,1.13788799618471e-76,1.84694725139081e-75
"YOR177C",850.816647377724,-1.12753048062736,0.0811219540952419,-13.8992026659463,6.40508953536328e-44,6.61509696028943e-43
"YOR178C",5999.99304187648,2.8004651810196,0.0538454329418133,52.0093353886829,0,0
"YOR184W",23801.4364416596,-1.64560383626056,0.0451352133934843,-36.4594229767865,4.87811070171737e-291,3.71089047839078e-289
"YOR186W",830.818129466803,1.42398503780118,0.0825424349428614,17.2515511419903,1.08935094471021e-66,1.58849003808321e-65
"YOR192C",2111.65976778751,-1.37850669923096,0.0705675807157129,-19.5345608457853,5.58240107483762e-85,9.6833187875068e-84
"YOR192C-B",53.9161956446388,-1.39994577081321,0.237463436511936,-5.89541611701067,3.7373833350316e-09,1.08545714707404e-08
"YOR202W",365529.767138796,-1.34900304441269,0.0963787134783141,-13.9968982333036,1.62823427622282e-44,1.70492060034343e-43
"YOR214C",673.604307184088,1.44894003658918,0.108184155753861,13.3932739641263,6.61971262095542e-41,6.44019499055663e-40
"YOR215C",3507.49655428483,1.40973957519644,0.0562878955792477,25.045163985775,1.97104381712004e-138,5.68272632935887e-137
"YOR222W",4691.52623561975,-1.70045634553749,0.0485986096225823,-34.9898147034094,3.21418854421664e-268,2.11399859043582e-266
"YOR226C",5039.85716420688,-1.07312404398004,0.0603618015312408,-17.7781977468754,1.042785463784e-70,1.59037377254401e-69
"YOR255W",394.143207622292,1.1177168271165,0.153128950849892,7.29918686775417,2.89512000082281e-13,1.06339660763207e-12
"YNCO0029C",42.8339890471407,1.22351698347069,0.284189169723521,4.30529067895519,1.66766613228986e-05,3.52870105873934e-05
"YOR302W",2321.95917494794,-1.4109632730678,0.0694521338882151,-20.3156216242222,9.35581116633725e-92,1.78467044423726e-90
"YOR303W",35695.1762488443,-1.31367747228089,0.0465106944739149,-28.2446324902256,1.65667837915948e-175,6.41734189325947e-174
"YOR337W",3943.06872842429,-1.47614022523139,0.0689645411305257,-21.4043362144262,1.21742039934715e-101,2.48763508138444e-100
"YOR356W",1996.87949327124,1.35507572172079,0.0810369179538977,16.7217085241531,9.10704984520335e-63,1.2665619542426e-61
"YOR382W",20312.5762265265,-1.95920492906928,0.173022893120755,-11.3233855574356,1.005136512759e-29,7.34476870534372e-29
"YOR383C",53000.5925841012,-2.59847533771916,0.19885727994723,-13.0670365118577,5.08065239854825e-39,4.67627394233727e-38
"YOR384W",3266.05356413558,-1.06592712808789,0.0534186374335145,-19.954217840441,1.37761751584953e-88,2.53594081489035e-87
"YOR387C",46510.892067924,-5.30914193360539,0.311326585406219,-17.053288034101,3.30412182663364e-65,4.74141482121927e-64
"YOR388C",56.2343018444746,-1.59475207941041,0.254443490661155,-6.26760808565607,3.66636128568675e-10,1.12923927599152e-09
"YPL275W",24.0911191676507,-1.43009602490297,0.361202555385647,-3.95926330968531,7.51813121343375e-05,0.000149322052474428
"YPL274W",20166.2723535981,-1.91408888387569,0.0496582251846448,-38.5452536162642,0,0
"YPL271W",8409.6504636898,2.19581151373139,0.0817877779445706,26.8476729520582,8.97915016529852e-159,2.99970127744417e-157
"YPL264C",1734.67936578623,-1.99927473889785,0.0598087561216052,-33.4277933290044,5.41185756012545e-245,3.13490537932405e-243
"YPL258C",3233.59196921121,-1.32722819257724,0.103297575944826,-12.8485899154705,8.75923318892981e-38,7.83368248653014e-37
"YNCP0001C",27.2285031769093,-1.42417938891658,0.34938578214661,-4.07623739056148,4.57702926688237e-05,9.30736321774405e-05
"YPL250C",25413.184273585,-3.36197633420148,0.0682811467320437,-49.2372564771783,0,0
"YPL230W",2902.75876550778,1.48070400995095,0.0730517968772966,20.2692346149685,2.40366001302492e-91,4.516877774476e-90
"YPL223C",15090.0986442839,5.12504594267174,0.110670645016672,46.3089913490579,0,0
"YPL214C",6894.90653366851,-1.31198324624831,0.0570817610326278,-22.9842811874425,6.69512098679555e-117,1.589210297392e-115
"YPL201C",231.702550226554,2.43978179983703,0.14344696938379,17.0082491830792,7.13379683441929e-65,1.01676734114048e-63
"YPL200W",68.3232957162273,2.37142076614598,0.242073332121472,9.79629084031446,1.16795923785366e-22,6.57263335811768e-22
"YPL189C-A",615.791182496176,1.30044279056175,0.0878395974883897,14.8047444176146,1.36504899965327e-49,1.57855666370161e-48
"YPL188W",2855.1400825911,-1.31722624277253,0.0532424849076474,-24.7401345947197,3.95908264497703e-135,1.10609061152146e-133
"YPL186C",4378.64192249182,2.28082769076093,0.0695692070058301,32.7850178106786,9.62818112232451e-236,5.37985270852716e-234
"YPL171C",659.466770355705,2.08056691355385,0.0884507872565691,23.5223108587915,2.41159247773303e-122,5.97129211937504e-121
"YPL147W",1018.83926517738,1.03576664242052,0.0741162338762373,13.9748957583313,2.21838180085665e-44,2.31901700175643e-43
"YPL134C",3116.73385709101,1.94921013266986,0.0758785821468623,25.688541845671,1.56972637896929e-145,4.88239032355274e-144
"YPL130W",604.778548118983,1.78786733628613,0.108141976317603,16.5325935142459,2.13745446463616e-61,2.90234139563714e-60
"YPL078C",14970.8018726731,1.35380371649881,0.0515996726167308,26.2366725958616,1.01456262208863e-151,3.26834101829982e-150
"YPL061W",25449.344865053,1.49094761313467,0.060142995167955,24.7900459391997,1.1479118613461e-135,3.23567655916931e-134
"YPL058C",2275.31472704572,-1.03588308326238,0.0549742455267467,-18.8430613887805,3.35016010023973e-79,5.55194511100096e-78
"YPL057C",5887.72097502071,1.57668963143962,0.0508796251851382,30.9886251265107,7.67187310967129e-211,3.75505479181896e-209
"YPL054W",3617.89027131363,1.5922950156912,0.0646146105613532,24.6429561651428,4.37906726824513e-134,1.20214916224782e-132
"YPL036W",5847.84930252514,1.31142077660538,0.0667798689093353,19.6379657226619,7.32751642293497e-86,1.28874481042929e-84
"YPR010C-A",5577.84279027884,2.51693019368052,0.103445095023316,24.331073340048,9.19678997232983e-131,2.40948265084193e-129
"YPR020W",2709.35100741879,1.75094090890962,0.0803345460026165,21.795615909158,2.55334446723699e-105,5.48361121297086e-104
"YPR027C",1125.44252901738,1.01346572256741,0.0693298666705965,14.6180249759117,2.15563304226927e-48,2.42182687346765e-47
"YPR030W",5508.91167900383,3.14398084707458,0.0715136769174192,43.963350544891,0,0
"YPR037C",1793.1601598463,1.20526368848094,0.0628472939172127,19.1776544916733,5.68893943380025e-82,9.6559041895201e-81
"YPR061C",658.448472823951,1.08079516043283,0.12760915352691,8.46957393385509,2.46292249025802e-17,1.11157202312288e-16
"YPR064W",253.469323718299,-1.71255710723402,0.146163590136778,-11.7167148510203,1.0465200787155e-31,8.16777228307745e-31
"YPR121W",8639.8529696403,-3.31412090177913,0.0740836737814293,-44.7348347161732,0,0
"YPR145W",25073.2238132007,-1.39683357552344,0.0586963002972116,-23.7976425848053,3.53284825155179e-125,8.9225615441192e-124
"YPR151C",146.086585926347,1.42598931380774,0.150299959710918,9.48762272824586,2.36363005060901e-21,1.26367147667614e-20
"YPR158W-B",37.4776701457252,-1.59232117877233,0.304320872955844,-5.23237582524734,1.67345069144883e-07,4.29519010805199e-07
"YPR158C-D",86.4316807059974,-1.60741583131057,0.208665107974699,-7.7033282991686,1.32567193599713e-14,5.2412602403794e-14
"YPR167C",8850.64431060929,-3.72456558854475,0.0812033170595232,-45.8671606458463,0,0
"YPR168W",1254.18970546764,-1.31124720080215,0.0712081217111669,-18.4142927701535,1.00898683705873e-75,1.62934600746517e-74
"YPR184W",7815.85103276134,1.55001464014161,0.0543331341524262,28.5279813933281,5.26967511704859e-179,2.0795455430653e-177
"YPR191W",6905.35321954418,1.7990701246585,0.064244369461257,28.0035455207236,1.47102803732977e-172,5.49590001639065e-171
"YPR192W",1416.66253779913,1.90930803279489,0.213099293758804,8.9597107485299,3.25531215690509e-19,1.6045309101248e-18
"Q0020",18.956172067054,1.6699498918611,0.431316133610455,3.87175382910513,0.000108055053306201,0.000210769109229333
"Q0055",19.8427014698406,2.41702026629374,0.44298007633131,5.45627308187563,4.86231956984421e-08,1.29977501117681e-07
"Q0105",22.706732609443,2.2582850717218,0.472274191867144,4.78172449524213,1.73797766091778e-06,4.04780190004974e-06
"Q0120",34.0023845034254,2.00590300635166,0.332222619674869,6.03782791284574,1.56202514445459e-09,4.65657543063565e-09
"Q0158",173.616921513824,2.39045084207406,0.162516014863308,14.7090171026201,5.64209599521766e-49,6.39572605274764e-48
"gh1_1_CDS",78124.9037779694,1.16421120261496,0.0749268956696202,15.5379612649159,1.91994667511033e-54,2.40050362507854e-53
